date,open,close,sentiment_reddit,sentiment_news,sentiment_reddit_det,sentiment_news_det
2024-01-02,250.08,248.42,0.51184,0.0,0.51304,0.0
2024-01-03,244.98,238.45,0.35741,0.33267,0.36082,0.33267
2024-01-04,239.25,237.93,0.4904,,0.49038,
2024-01-05,236.86,237.49,0.37668,,0.38131,
2024-01-08,236.14,240.45,0.45035,0.012,0.45,0.012
2024-01-09,238.11,234.96,0.40352,,0.41111,
2024-01-10,235.1,233.94,0.46216,-0.483,0.45745,-0.483
2024-01-11,230.57,227.22,0.46747,-0.03167,0.47674,-0.03167
2024-01-12,220.08,218.89,0.37755,,0.38192,
2024-01-16,215.1,219.91,0.36871,0.405,0.36842,0.405
2024-01-17,214.86,215.55,0.43348,-0.15283,0.43137,-0.15283
2024-01-18,216.88,211.88,0.38731,0.2004,0.37895,0.2004
2024-01-19,209.99,212.19,0.366,,0.37693,
2024-01-22,212.26,208.8,0.32295,0.0,0.31579,0.0
2024-01-23,211.3,209.14,0.45951,0.0,0.47561,0.0
2024-01-24,211.88,207.83,0.23501,0.575,0.23932,0.575
2024-01-25,189.7,182.63,0.3347,-0.1245,0.33557,-0.1245
2024-01-26,185.5,183.25,0.38551,,0.39367,
2024-01-29,185.63,190.93,0.4884,0.0,0.5,0.0
2024-01-30,195.33,191.59,0.4066,0.4985,0.40708,0.4985
2024-01-31,187.0,187.29,0.44629,0.0008,0.4537,0.0008
2024-02-01,188.5,188.86,0.38691,0.45327,0.4,0.45327
2024-02-02,185.04,187.91,0.40595,0.53605,0.41192,0.53605
2024-02-05,184.26,181.06,0.27472,0.4975,0.27826,0.4975
2024-02-06,177.21,185.1,0.48792,,0.50526,
2024-02-07,188.18,187.58,0.54414,,0.56566,
2024-02-08,189.0,189.56,0.45708,0.0,0.46237,0.0
2024-02-09,190.18,193.57,0.35407,,0.35504,
2024-02-12,192.11,188.13,0.27771,0.989,0.2875,0.989
2024-02-13,183.99,184.02,0.34769,0.993,0.35455,0.993
2024-02-14,185.3,188.71,0.25867,0.997,0.26389,0.997
2024-02-15,189.16,200.45,0.39714,-0.01283,0.39759,-0.01283
2024-02-16,202.06,199.95,0.27987,,0.27939,
2024-02-20,196.13,193.76,0.3969,0.14343,0.40909,0.14343
2024-02-21,193.36,194.77,0.33019,0.30067,0.32468,0.30067
2024-02-22,194.0,197.41,0.37184,0.0,0.38462,0.0
2024-02-23,195.31,191.97,0.31849,0.46254,0.32538,0.46254
2024-02-26,192.29,199.4,0.39382,0.24925,0.39806,0.24925
2024-02-27,204.04,199.73,0.30131,0.0004,0.30588,0.0004
2024-02-28,200.42,202.04,0.47842,0.20086,0.48193,0.20086
2024-02-29,204.18,201.88,0.53857,0.49638,0.55462,0.49638
2024-03-01,200.52,202.64,0.42875,,0.43691,
2024-03-04,198.73,188.14,0.30892,0.33033,0.30952,0.33033
2024-03-05,183.05,180.74,0.41202,0.00118,0.41593,0.00118
2024-03-06,179.99,176.54,0.32577,0.1996,0.32955,0.1996
2024-03-07,174.35,178.65,0.48736,0.0,0.5,0.0
2024-03-08,181.5,175.34,0.30339,0.2475,0.30788,0.2475
2024-03-11,175.45,177.77,0.33512,0.0446,0.34579,0.0446
2024-03-12,177.77,177.54,0.45836,-0.09929,0.46429,-0.09929
2024-03-13,173.05,169.48,0.36759,0.0,0.38182,0.0
2024-03-14,167.77,162.5,0.30527,-0.498,0.30303,-0.498
2024-03-15,163.16,163.57,0.35502,,0.36029,
2024-03-18,170.02,173.8,0.34068,-0.1994,0.35,-0.1994
2024-03-19,172.36,171.32,0.42435,0.495,0.43617,0.495
2024-03-20,173.0,175.66,0.44593,,0.44565,
2024-03-21,176.39,172.82,0.26887,0.4955,0.2623,0.4955
2024-03-22,166.69,170.83,0.34744,0.291,0.36153,0.291
2024-03-25,168.76,172.63,0.42724,0.33267,0.42529,0.33267
2024-03-26,178.58,177.67,0.33556,0.567,0.34444,0.567
2024-03-27,181.41,179.83,0.46567,0.665,0.46269,0.665
2024-03-28,177.45,175.79,0.31548,0.001,0.3125,0.001
2024-04-01,176.17,175.22,0.38149,0.3962,0.39252,0.3962
2024-04-02,164.75,166.63,0.36991,0.0,0.37278,0.0
2024-04-03,164.02,168.38,0.33538,,0.34146,
2024-04-04,170.07,171.11,0.27724,,0.29293,
2024-04-05,169.08,164.9,0.30007,-6e-05,0.30076,-6e-05
2024-04-08,169.34,172.98,0.34006,0.0,0.34146,0.0
2024-04-09,172.91,176.88,0.35901,0.0,0.36364,0.0
2024-04-10,173.04,171.76,0.41143,,0.41667,
2024-04-11,172.55,174.6,0.32672,0.0,0.33735,0.0
2024-04-12,172.34,171.05,0.37184,,0.38214,
2024-04-15,170.24,161.48,0.29039,0.7806,0.28906,0.7806
2024-04-16,156.74,157.11,0.43625,0.97,0.44444,0.97
2024-04-17,157.64,155.45,0.44077,0.12537,0.45714,0.12537
2024-04-18,151.25,149.93,0.38378,-0.4975,0.36885,-0.4975
2024-04-19,148.97,147.05,0.28495,-0.37296,0.28539,-0.37296
2024-04-22,140.56,142.05,0.40482,-0.3948,0.42012,-0.3948
2024-04-23,143.33,144.68,0.23456,0.48267,0.23556,0.48267
2024-04-24,162.84,162.13,0.33202,0.09073,0.33702,0.09073
2024-04-25,158.96,170.18,0.40609,0.985,0.41406,0.985
2024-04-26,168.85,168.29,0.34784,,0.35899,
2024-04-29,188.42,194.05,0.32077,0.33267,0.32237,0.33267
2024-04-30,186.98,183.28,0.48761,0.499,0.49198,0.499
2024-05-01,182.0,179.99,0.40519,0.00038,0.4094,0.00038
2024-05-02,182.86,180.01,0.29028,0.1836,0.28986,0.1836
2024-05-03,182.1,181.19,0.41563,0.13238,0.42319,0.13238
2024-05-06,183.8,184.76,0.43431,0.66217,0.44643,0.66217
2024-05-07,182.4,177.81,0.44513,0.285,0.45185,0.285
2024-05-08,171.59,174.72,0.46586,0.33267,0.46847,0.33267
2024-05-09,175.01,171.97,0.30277,0.0,0.31496,0.0
2024-05-10,173.05,168.47,0.29283,,0.29665,
2024-05-13,170.0,171.89,0.35243,0.33233,0.35897,0.33233
2024-05-14,174.5,177.55,0.28461,0.66533,0.28889,0.66533
2024-05-15,179.9,173.99,0.34376,0.3992,0.34737,0.3992
2024-05-16,174.1,174.84,0.25408,0.328,0.25397,0.328
2024-05-17,173.55,177.46,0.27149,-0.12425,0.27315,-0.12425
2024-05-20,177.56,174.95,0.1338,0.0005,0.12389,0.0005
2024-05-21,175.51,186.6,0.35858,0.33267,0.35772,0.33267
2024-05-22,182.85,180.11,0.48208,0.0,0.49524,0.0
2024-05-23,181.8,173.74,0.37354,0.49475,0.37615,0.49475
2024-05-24,174.84,179.24,0.37943,,0.37793,
2024-05-28,176.4,176.75,0.38431,0.0,0.39496,0.0
2024-05-29,174.19,176.19,0.53945,0.0,0.54839,0.0
2024-05-30,178.58,178.79,0.30057,-0.00267,0.29703,-0.00267
2024-05-31,178.5,178.08,0.40868,,0.42025,
2024-06-03,178.13,176.29,0.3938,,0.4,
2024-06-04,174.78,174.77,0.31302,0.33233,0.31579,0.33233
2024-06-05,175.35,175.0,0.30066,,0.30303,
2024-06-06,174.6,177.94,0.40691,-0.996,0.4086,-0.996
2024-06-07,176.13,177.48,0.40053,,0.4085,
2024-06-10,176.06,173.79,0.50391,-0.33133,0.51282,-0.33133
2024-06-11,173.92,170.66,0.38662,0.0,0.39773,0.0
2024-06-12,171.12,177.29,0.38603,-0.185,0.39252,-0.185
2024-06-13,188.39,182.47,0.26275,0.362,0.26036,0.362
2024-06-14,185.8,178.01,0.30619,,0.31235,
2024-06-17,177.92,187.44,0.31083,0.2495,0.31183,0.2495
2024-06-18,186.56,184.86,0.41809,0.25136,0.41773,0.25136
2024-06-20,184.68,181.57,0.3583,0.00125,0.35227,0.00125
2024-06-21,182.3,183.01,0.38703,,0.39573,
2024-06-24,184.97,182.58,0.3476,0.99725,0.34314,0.99725
2024-06-25,184.4,187.35,0.34112,0.3891,0.34259,0.3891
2024-06-26,186.54,196.37,0.42871,0.2004,0.43564,0.2004
2024-06-27,195.17,197.42,0.447,-0.19575,0.45783,-0.19575
2024-06-28,199.55,197.88,0.3888,,0.38677,
2024-07-01,201.02,209.86,0.3781,0.3972,0.38554,0.3972
2024-07-02,218.89,231.26,0.37769,0.0012,0.37963,0.0012
2024-07-03,234.56,246.39,0.27122,0.51844,0.27536,0.51844
2024-07-05,249.81,251.52,0.32952,,0.33454,
2024-07-08,247.71,252.94,0.19369,0.0,0.20225,0.0
2024-07-09,251.0,262.33,0.29683,0.65267,0.29524,0.65267
2024-07-10,262.8,263.26,0.38455,0.0,0.3956,0.0
2024-07-11,263.3,241.03,0.42655,-0.49725,0.44211,-0.49725
2024-07-12,235.8,248.23,0.36416,0.002,0.37116,0.002
2024-07-15,255.97,252.64,0.30219,0.0,0.29907,0.0
2024-07-16,255.31,256.56,0.41287,0.9965,0.41322,0.9965
2024-07-17,252.73,248.5,0.30424,,0.30435,
2024-07-18,251.09,249.23,0.41367,0.964,0.41758,0.964
2024-07-19,247.79,239.2,0.36104,-0.26287,0.36695,-0.26287
2024-07-22,244.21,251.51,0.327,0.0,0.34091,0.0
2024-07-23,253.6,246.38,0.42219,0.06927,0.43846,0.06927
2024-07-24,225.42,215.99,0.23947,0.20115,0.24444,0.20115
2024-07-25,216.8,220.25,0.33832,0.3954,0.33088,0.3954
2024-07-26,221.19,219.8,0.35417,,0.35896,
2024-07-29,224.9,232.1,0.42821,0.334,0.42697,0.334
2024-07-30,232.25,222.62,0.25528,0.22989,0.26786,0.22989
2024-07-31,227.9,232.07,0.29363,-0.15475,0.29293,-0.15475
2024-08-01,227.69,216.86,0.38326,0.00067,0.37209,0.00067
2024-08-02,214.88,207.67,0.31973,,0.32374,
2024-08-05,185.22,198.88,0.34152,0.4985,0.34286,0.4985
2024-08-06,200.75,200.64,0.3218,0.0,0.3301,0.0
2024-08-07,200.77,191.76,0.35499,,0.35417,
2024-08-08,195.7,198.84,0.4723,0.0,0.47525,0.0
2024-08-09,197.05,200.0,0.41034,,0.41664,
2024-08-12,199.02,197.49,0.28555,0.0,0.27778,0.0
2024-08-13,198.47,207.83,0.27082,0.00067,0.27368,0.00067
2024-08-14,207.39,201.38,0.39856,0.16667,0.4026,0.16667
2024-08-15,205.02,214.14,0.32159,-0.24425,0.32787,-0.24425
2024-08-16,211.15,216.12,0.43898,0.24925,0.44556,0.24925
2024-08-19,217.07,222.72,0.34369,0.28386,0.33708,0.28386
2024-08-20,224.88,221.1,0.35577,0.22189,0.35714,0.22189
2024-08-21,222.67,223.27,0.34427,0.83,0.34884,0.83
2024-08-22,223.82,210.66,0.47392,0.98875,0.48684,0.98875
2024-08-23,214.46,220.32,0.40083,0.87256,0.41509,0.87256
2024-08-26,218.75,213.21,0.30342,0.9955,0.31522,0.9955
2024-08-27,213.25,209.21,0.36841,0.997,0.375,0.997
2024-08-28,209.72,205.75,0.45506,0.4972,0.45349,0.4972
2024-08-29,209.8,206.28,0.29169,0.598,0.27711,0.598
2024-08-30,208.63,214.11,0.40661,,0.40769,
2024-09-03,215.26,210.6,0.38108,0.24925,0.38776,0.24925
2024-09-04,210.59,219.41,0.37522,,0.37975,
2024-09-05,223.49,230.17,0.46169,0.25,0.47059,0.25
2024-09-06,232.6,210.73,0.43979,0.62313,0.44613,0.62313
2024-09-09,216.2,216.27,0.49633,0.0,0.49438,0.0
2024-09-10,220.07,226.17,0.44438,-0.995,0.4557,-0.995
2024-09-11,224.55,228.13,0.38991,0.0,0.40217,0.0
2024-09-12,224.66,229.81,0.4348,0.5924,0.4557,0.5924
2024-09-13,228.0,230.29,0.54513,0.26165,0.55005,0.26165
2024-09-16,229.3,226.78,0.52821,0.0,0.53846,0.0
2024-09-17,229.45,227.87,0.49082,0.3998,0.5,0.3998
2024-09-18,230.09,227.2,0.36031,0.49725,0.3617,0.49725
2024-09-19,234.0,243.92,0.48716,,0.5,
2024-09-20,241.52,238.25,0.38217,0.04321,0.39113,0.04321
2024-09-23,242.61,250.0,0.3788,0.20211,0.38889,0.20211
2024-09-24,254.08,254.27,0.27263,0.33233,0.27711,0.33233
2024-09-25,252.54,257.02,0.41963,0.0,0.42857,0.0
2024-09-26,260.6,254.22,0.44656,0.0,0.44872,0.0
2024-09-27,257.38,260.46,0.31497,0.41358,0.32054,0.41358
2024-09-30,259.04,261.63,0.34926,-0.28457,0.34066,-0.28457
2024-10-01,262.67,258.02,0.45058,-0.12412,0.44792,-0.12412
2024-10-02,247.55,249.02,0.36455,0.37475,0.36607,0.37475
2024-10-03,244.48,240.66,0.37452,0.333,0.36842,0.333
2024-10-04,246.69,250.08,0.38669,,0.38748,
2024-10-07,249.0,240.83,0.22313,0.0,0.2233,0.0
2024-10-08,243.56,244.5,0.3019,0.0,0.2963,0.0
2024-10-09,243.82,241.05,0.4747,0.0,0.48837,0.0
2024-10-10,241.81,238.77,0.45571,0.00171,0.46218,0.00171
2024-10-11,220.13,217.8,0.37343,0.4056,0.3753,0.4056
2024-10-15,220.01,219.57,0.3517,0.0025,0.35955,0.0025
2024-10-16,221.4,221.33,0.49274,0.743,0.5,0.743
2024-10-17,221.59,220.89,0.16687,0.0,0.16038,0.0
2024-10-18,220.71,220.7,0.28938,,0.28936,
2024-10-21,218.9,218.85,0.30842,0.0,0.32039,0.0
2024-10-22,217.31,217.97,0.45594,0.66267,0.47222,0.66267
2024-10-23,217.13,213.65,0.43903,0.1974,0.44068,0.1974
2024-10-24,244.68,260.48,0.34129,0.55755,0.33766,0.55755
2024-10-25,256.01,269.19,0.37754,,0.38016,
2024-10-28,270.0,262.51,0.42448,0.33267,0.42697,0.33267
2024-10-29,264.51,259.52,0.40751,0.0,0.4086,0.0
2024-10-30,258.04,257.55,0.29497,0.66533,0.29592,0.66533
2024-10-31,257.99,249.85,0.48436,-0.663,0.49398,-0.663
2024-11-01,252.04,248.98,0.33739,0.87275,0.34351,0.87275
2024-11-04,244.56,242.84,0.38142,0.0,0.39252,0.0
2024-11-05,247.34,251.44,0.37091,0.3988,0.38571,0.3988
2024-11-06,284.67,288.53,0.37626,0.3994,0.38095,0.3994
2024-11-07,288.89,296.91,0.30208,0.66533,0.30208,0.66533
2024-11-08,299.14,321.22,0.40006,,0.40058,
2024-11-12,342.74,328.49,0.31514,0.74725,0.32743,0.74725
2024-11-13,335.85,330.24,0.27949,0.004,0.2906,0.004
2024-11-14,327.69,311.18,0.40866,-0.498,0.40881,-0.498
2024-11-15,310.57,320.72,0.36809,0.13263,0.36929,0.13263
2024-11-18,340.73,338.74,0.40036,0.37412,0.40187,0.37412
2024-11-19,335.76,346.0,0.40178,0.33167,0.39773,0.33167
2024-11-20,345.0,342.03,0.44178,0.66533,0.43243,0.66533
2024-11-21,343.81,339.64,0.39319,-0.991,0.40476,-0.991
2024-11-22,341.09,352.56,0.47676,0.52854,0.48383,0.52854
2024-11-25,360.14,338.59,0.42893,0.0005,0.43925,0.0005
2024-11-26,341.0,338.23,0.4165,0.65875,0.43137,0.65875
2024-11-27,341.8,332.89,0.3776,-0.17417,0.38253,-0.17417
2024-11-29,336.08,345.16,0.26816,,0.26307,
2024-12-02,352.38,357.09,0.42292,0.0,0.43307,0.0
2024-12-03,351.8,351.42,0.34811,0.001,0.34234,0.001
2024-12-04,353.0,357.93,0.27481,0.33267,0.27368,0.33267
2024-12-05,359.87,369.49,0.3151,0.24925,0.32967,0.24925
2024-12-06,377.42,389.22,0.33309,,0.34414,
2024-12-09,397.61,389.79,0.2306,0.46233,0.23077,0.46233
2024-12-10,392.68,400.99,0.46358,0.74775,0.45882,0.74775
2024-12-11,409.7,424.77,0.40364,0.664,0.40741,0.664
2024-12-12,424.84,418.1,0.29066,0.1996,0.29091,0.1996
2024-12-13,420.0,436.23,0.33679,,0.3352,
2024-12-16,441.09,463.02,0.33867,0.3992,0.34351,0.3992
2024-12-17,475.9,479.86,0.3275,0.4985,0.33884,0.4985
2024-12-18,466.5,440.13,0.35209,0.002,0.35878,0.002
2024-12-19,451.88,436.17,0.31416,0.998,0.31707,0.998
2024-12-20,425.51,421.06,0.35781,0.04948,0.35886,0.04948
2024-12-23,431.0,430.6,0.47169,0.499,0.49451,0.499
2024-12-24,435.9,462.28,0.37532,0.0,0.37878,0.0
2024-12-26,465.16,454.13,0.39331,,0.40566,
2024-12-27,449.52,431.66,0.38168,,0.39023,
2024-12-30,419.4,417.41,0.37214,0.33267,0.3871,0.33267
