date,vader_compound,vader_label
2024-12-16,0.5719,POSITIVE
2024-12-13,0.9267,POSITIVE
2024-12-03,0.2263,POSITIVE
2024-12-28,-0.2942,NEGATIVE
2024-12-03,0.9882,POSITIVE
2024-12-29,0.5719,POSITIVE
2024-12-10,-0.25,NEGATIVE
2024-12-17,-0.5187,NEGATIVE
2024-12-28,0.6597,POSITIVE
2024-12-15,0.0,NEUTRAL
2024-12-10,0.0,NEUTRAL
2024-12-18,-0.9081,NEGATIVE
2024-12-08,0.0,NEUTRAL
2024-12-15,0.5052,POSITIVE
2024-12-12,-0.4767,NEGATIVE
2024-12-11,-0.3919,NEGATIVE
2024-12-30,0.4588,POSITIVE
2024-12-08,0.0,NEUTRAL
2024-12-11,-0.5994,NEGATIVE
2024-12-01,0.6369,POSITIVE
2024-12-29,0.9502,POSITIVE
2024-12-15,-0.3566,NEGATIVE
2024-12-04,0.0,NEUTRAL
2024-12-19,0.0,NEUTRAL
2024-12-27,0.0,NEUTRAL
2024-12-03,0.7845,POSITIVE
2024-12-26,0.7184,POSITIVE
2024-12-08,0.8877,POSITIVE
2024-12-29,0.926,POSITIVE
2024-12-04,0.4767,POSITIVE
2024-12-22,0.6361,POSITIVE
2024-12-11,0.4019,POSITIVE
2024-12-18,0.0,NEUTRAL
2024-12-21,0.3612,POSITIVE
2024-12-28,0.5439,POSITIVE
2024-12-20,0.0,NEUTRAL
2024-12-08,-0.5574,NEGATIVE
2024-12-10,0.0,NEUTRAL
2024-12-23,-0.9468,NEGATIVE
2024-12-18,0.0,NEUTRAL
2024-12-06,0.9926,POSITIVE
2024-12-22,0.7806,POSITIVE
2024-12-28,-0.296,NEGATIVE
2024-12-10,0.4291,POSITIVE
2024-12-15,0.0772,POSITIVE
2024-12-24,-0.9612,NEGATIVE
2024-12-07,-0.3612,NEGATIVE
2024-12-28,-0.928,NEGATIVE
2024-12-18,0.7906,POSITIVE
2024-12-11,0.7992,POSITIVE
2024-12-24,0.7264,POSITIVE
2024-12-20,0.0,NEUTRAL
2024-12-21,0.0,NEUTRAL
2024-12-18,0.4939,POSITIVE
2024-12-26,0.5994,POSITIVE
2024-12-13,0.743,POSITIVE
2024-12-30,0.7579,POSITIVE
2024-12-20,-0.9741,NEGATIVE
2024-12-17,0.8074,POSITIVE
2024-12-27,0.9702,POSITIVE
2024-12-07,0.0,NEUTRAL
2024-12-10,0.0,NEUTRAL
2024-12-24,0.0,NEUTRAL
2024-12-27,0.0,NEUTRAL
2024-12-27,-0.5423,NEGATIVE
2024-12-20,-0.6175,NEGATIVE
2024-12-11,0.0,NEUTRAL
2024-12-17,-0.6928,NEGATIVE
2024-12-24,-0.5994,NEGATIVE
2024-12-07,0.0,NEUTRAL
2024-12-28,-0.63,NEGATIVE
2024-12-27,-0.4404,NEGATIVE
2024-12-17,-0.5994,NEGATIVE
2024-12-19,0.2263,POSITIVE
2024-12-10,-0.5399,NEGATIVE
2024-12-22,-0.7845,NEGATIVE
2024-12-28,0.6486,POSITIVE
2024-12-18,0.3182,POSITIVE
2024-12-11,0.4404,POSITIVE
2024-12-28,-0.8421,NEGATIVE
2024-12-06,0.0,NEUTRAL
2024-12-07,0.8126,POSITIVE
2024-12-27,0.7514,POSITIVE
2024-12-30,0.3182,POSITIVE
2024-12-11,-0.7717,NEGATIVE
2024-12-20,0.0,NEUTRAL
2024-12-24,-0.4019,NEGATIVE
2024-12-19,-0.4101,NEGATIVE
2024-12-03,-0.6124,NEGATIVE
2024-12-12,0.6249,POSITIVE
2024-12-28,0.0,NEUTRAL
2024-12-07,0.4215,POSITIVE
2024-12-29,0.0,NEUTRAL
2024-12-12,0.971,POSITIVE
2024-12-05,0.3818,POSITIVE
2024-12-28,-0.9245,NEGATIVE
2024-12-28,0.0,NEUTRAL
2024-12-06,-0.2644,NEGATIVE
2024-12-26,0.587,POSITIVE
2024-12-24,-0.8053,NEGATIVE
2024-12-20,-0.1027,NEGATIVE
2024-12-14,-0.854,NEGATIVE
2024-12-19,0.0,NEUTRAL
2024-12-27,-0.0772,NEGATIVE
2024-12-17,0.5994,POSITIVE
2024-12-16,-0.326,NEGATIVE
2024-12-15,0.9914,POSITIVE
2024-12-06,-0.5809,NEGATIVE
2024-12-03,0.296,POSITIVE
2024-12-10,0.331,POSITIVE
2024-12-26,-0.3566,NEGATIVE
2024-12-26,-0.3818,NEGATIVE
2024-12-19,0.296,POSITIVE
2024-12-07,-0.1779,NEGATIVE
2024-12-28,0.9926,POSITIVE
2024-12-06,-0.7717,NEGATIVE
2024-12-20,-0.5423,NEGATIVE
2024-12-22,0.0258,NEUTRAL
2024-12-26,-0.7319,NEGATIVE
2024-12-24,0.0,NEUTRAL
2024-12-30,-0.9714,NEGATIVE
2024-12-13,0.5994,POSITIVE
2024-12-03,0.8126,POSITIVE
2024-12-13,0.0,NEUTRAL
2024-12-19,0.0451,NEUTRAL
2024-12-06,-0.9817,NEGATIVE
2024-12-10,0.4939,POSITIVE
2024-12-12,-0.8271,NEGATIVE
2024-12-27,-0.3462,NEGATIVE
2024-12-28,0.7783,POSITIVE
2024-12-18,0.5719,POSITIVE
2024-12-14,0.9901,POSITIVE
2024-12-17,0.4019,POSITIVE
2024-12-22,0.9344,POSITIVE
2024-12-05,0.0,NEUTRAL
2024-12-17,0.9928,POSITIVE
2024-12-06,0.0,NEUTRAL
2024-12-29,0.0,NEUTRAL
2024-12-13,-0.4449,NEGATIVE
2024-12-24,0.8934,POSITIVE
2024-12-09,0.3987,POSITIVE
2024-12-20,0.659,POSITIVE
2024-12-09,0.0,NEUTRAL
2024-12-14,-0.9837,NEGATIVE
2024-12-21,0.5267,POSITIVE
2024-12-20,0.1027,POSITIVE
2024-12-24,0.7089,POSITIVE
2024-12-12,0.0,NEUTRAL
2024-12-07,-0.357,NEGATIVE
2024-12-10,0.8442,POSITIVE
2024-12-18,0.3612,POSITIVE
2024-12-18,0.0,NEUTRAL
2024-12-20,-0.7964,NEGATIVE
2024-12-19,0.4497,POSITIVE
2024-12-03,0.8959,POSITIVE
2024-12-21,-0.7269,NEGATIVE
2024-12-14,-0.911,NEGATIVE
2024-12-20,0.604,POSITIVE
2024-12-27,0.6808,POSITIVE
2024-12-26,0.7149,POSITIVE
2024-12-28,0.0,NEUTRAL
2024-12-02,0.5267,POSITIVE
2024-12-14,0.4019,POSITIVE
2024-12-17,0.0,NEUTRAL
2024-12-24,-0.8442,NEGATIVE
2024-12-17,-0.7579,NEGATIVE
2024-12-22,0.7837,POSITIVE
2024-12-22,0.2732,POSITIVE
2024-12-20,0.4215,POSITIVE
2024-12-30,-0.7579,NEGATIVE
2024-12-11,0.3182,POSITIVE
2024-12-18,-0.2732,NEGATIVE
2024-12-13,-0.876,NEGATIVE
2024-12-16,-0.5873,NEGATIVE
2024-12-21,0.0,NEUTRAL
2024-12-14,0.624,POSITIVE
2024-12-30,-0.3182,NEGATIVE
2024-12-27,0.8126,POSITIVE
2024-12-28,-0.2579,NEGATIVE
2024-12-11,0.0,NEUTRAL
2024-12-27,-0.5859,NEGATIVE
2024-12-23,0.3612,POSITIVE
2024-12-02,0.0,NEUTRAL
2024-12-19,0.4019,POSITIVE
2024-12-14,0.0,NEUTRAL
2024-12-12,0.7835,POSITIVE
2024-12-24,0.1531,POSITIVE
2024-12-27,0.0,NEUTRAL
2024-12-20,-0.7044,NEGATIVE
2024-12-29,0.5423,POSITIVE
2024-12-01,0.5267,POSITIVE
2024-12-05,-0.8074,NEGATIVE
2024-12-22,0.3415,POSITIVE
2024-12-14,-0.6654,NEGATIVE
2024-12-02,-0.3102,NEGATIVE
2024-12-21,0.6586,POSITIVE
2024-12-03,0.1263,POSITIVE
2024-12-10,-0.7096,NEGATIVE
2024-12-23,0.1406,POSITIVE
2024-12-19,0.5574,POSITIVE
2024-12-20,-0.2732,NEGATIVE
2024-12-24,-0.4956,NEGATIVE
2024-12-08,0.0,NEUTRAL
2024-12-29,0.7717,POSITIVE
2024-12-20,-0.4939,NEGATIVE
2024-12-26,0.0865,POSITIVE
2024-12-03,0.1027,POSITIVE
2024-12-21,0.1531,POSITIVE
2024-12-18,0.0,NEUTRAL
2024-12-20,-0.5859,NEGATIVE
2024-12-08,-0.7269,NEGATIVE
2024-12-09,0.1725,POSITIVE
2024-12-26,-0.5574,NEGATIVE
2024-12-27,-0.6335,NEGATIVE
2024-12-28,0.0,NEUTRAL
2024-12-23,0.783,POSITIVE
2024-12-15,0.6243,POSITIVE
2024-12-10,0.7959,POSITIVE
2024-12-10,0.1872,POSITIVE
2024-12-27,-0.5106,NEGATIVE
2024-12-20,0.0,NEUTRAL
2024-12-27,-0.2235,NEGATIVE
2024-12-21,-0.7579,NEGATIVE
2024-12-02,0.0,NEUTRAL
2024-12-06,-0.7337,NEGATIVE
2024-12-22,-0.2869,NEGATIVE
2024-12-18,0.875,POSITIVE
2024-12-30,0.6124,POSITIVE
2024-12-03,0.6444,POSITIVE
2024-12-29,-0.1779,NEGATIVE
2024-12-08,-0.296,NEGATIVE
2024-12-15,0.4165,POSITIVE
2024-12-20,-0.128,NEGATIVE
2024-12-17,-0.632,NEGATIVE
2024-12-20,0.8334,POSITIVE
2024-12-10,0.3818,POSITIVE
2024-12-07,0.7691,POSITIVE
2024-12-21,-0.6437,NEGATIVE
2024-12-28,0.4254,POSITIVE
2024-12-19,0.0,NEUTRAL
2024-12-19,0.7239,POSITIVE
2024-12-06,0.0432,NEUTRAL
2024-12-30,0.0,NEUTRAL
2024-12-29,-0.7351,NEGATIVE
2024-12-17,0.1113,POSITIVE
2024-12-04,0.2414,POSITIVE
2024-12-26,-0.4456,NEGATIVE
2024-12-11,0.3182,POSITIVE
2024-12-22,0.9142,POSITIVE
2024-12-27,0.0,NEUTRAL
2024-12-01,-0.7506,NEGATIVE
2024-12-19,-0.25,NEGATIVE
2024-12-29,-0.5106,NEGATIVE
2024-12-11,-0.8478,NEGATIVE
2024-12-23,-0.5815,NEGATIVE
2024-12-11,0.4927,POSITIVE
2024-12-25,0.0,NEUTRAL
2024-12-19,0.9097,POSITIVE
2024-12-19,0.8301,POSITIVE
2024-12-09,-0.2617,NEGATIVE
2024-12-19,0.0,NEUTRAL
2024-12-10,0.1926,POSITIVE
2024-12-08,0.4404,POSITIVE
2024-12-24,0.906,POSITIVE
2024-12-11,-0.7003,NEGATIVE
2024-12-19,-0.7351,NEGATIVE
2024-12-24,0.7003,POSITIVE
2024-12-22,0.4957,POSITIVE
2024-12-20,-0.128,NEGATIVE
2024-12-28,0.7371,POSITIVE
2024-12-23,0.6516,POSITIVE
2024-12-19,-0.5719,NEGATIVE
2024-12-17,-0.4571,NEGATIVE
2024-12-17,0.0,NEUTRAL
2024-12-03,-0.296,NEGATIVE
2024-12-27,0.0,NEUTRAL
2024-12-20,-0.6114,NEGATIVE
2024-12-23,-0.6674,NEGATIVE
2024-12-02,0.8316,POSITIVE
2024-12-12,0.9186,POSITIVE
2024-12-22,0.4831,POSITIVE
2024-12-22,0.8687,POSITIVE
2024-12-22,0.0,NEUTRAL
2024-12-14,-0.872,NEGATIVE
2024-12-21,0.0,NEUTRAL
2024-12-05,-0.296,NEGATIVE
2024-12-23,-0.3612,NEGATIVE
2024-12-09,0.4754,POSITIVE
2024-12-14,0.8388,POSITIVE
2024-12-04,-0.3114,NEGATIVE
2024-12-25,-0.9661,NEGATIVE
2024-12-22,0.7482,POSITIVE
2024-12-20,0.0,NEUTRAL
2024-12-26,0.1198,POSITIVE
2024-12-15,-0.5582,NEGATIVE
2024-12-03,0.8001,POSITIVE
2024-12-11,-0.4588,NEGATIVE
2024-12-23,0.296,POSITIVE
2024-12-23,0.9039,POSITIVE
2024-12-20,0.8847,POSITIVE
2024-12-30,0.0,NEUTRAL
2024-12-19,-0.4939,NEGATIVE
2024-12-21,-0.4939,NEGATIVE
2024-12-22,0.6827,POSITIVE
2024-12-28,0.9639,POSITIVE
2024-12-02,0.2023,POSITIVE
2024-12-01,0.2869,POSITIVE
2024-12-21,-0.8292,NEGATIVE
2024-12-08,0.9493,POSITIVE
2024-12-16,-0.6697,NEGATIVE
2024-12-13,-0.834,NEGATIVE
2024-12-20,0.3612,POSITIVE
2024-12-23,0.9853,POSITIVE
2024-12-23,0.0,NEUTRAL
2024-12-11,-0.1531,NEGATIVE
2024-12-14,-0.3962,NEGATIVE
2024-12-26,-0.3412,NEGATIVE
2024-12-21,-0.357,NEGATIVE
2024-12-02,0.2732,POSITIVE
2024-12-29,-0.1779,NEGATIVE
2024-12-22,0.5719,POSITIVE
2024-12-04,-0.5106,NEGATIVE
2024-12-12,0.3384,POSITIVE
2024-12-19,0.0,NEUTRAL
2024-12-23,0.296,POSITIVE
2024-12-28,0.0258,NEUTRAL
2024-12-28,-0.7098,NEGATIVE
2024-12-11,0.0,NEUTRAL
2024-12-30,0.0,NEUTRAL
2024-12-24,0.1243,POSITIVE
2024-12-18,0.1027,POSITIVE
2024-12-04,-0.8442,NEGATIVE
2024-12-28,-0.7778,NEGATIVE
2024-12-12,0.6387,POSITIVE
2024-12-03,0.0,NEUTRAL
2024-12-27,0.0,NEUTRAL
2024-12-17,-0.0258,NEUTRAL
2024-12-21,-0.3535,NEGATIVE
2024-12-19,-0.2263,NEGATIVE
2024-12-21,0.0,NEUTRAL
2024-12-20,-0.25,NEGATIVE
2024-12-30,0.0,NEUTRAL
2024-12-05,0.6966,POSITIVE
2024-12-09,0.776,POSITIVE
2024-12-19,-0.9892,NEGATIVE
2024-12-24,-0.5423,NEGATIVE
2024-12-25,0.4181,POSITIVE
2024-12-13,-0.9896,NEGATIVE
2024-12-20,-0.8091,NEGATIVE
2024-12-22,-0.3415,NEGATIVE
2024-12-15,-0.4767,NEGATIVE
2024-12-10,0.6124,POSITIVE
2024-12-07,0.8316,POSITIVE
2024-12-17,0.7289,POSITIVE
2024-12-22,-0.5574,NEGATIVE
2024-12-02,-0.7528,NEGATIVE
2024-12-01,0.6987,POSITIVE
2024-12-25,0.0,NEUTRAL
2024-12-13,-0.931,NEGATIVE
2024-12-17,-0.1531,NEGATIVE
2024-12-04,0.0,NEUTRAL
2024-12-14,0.0,NEUTRAL
2024-12-10,0.25,POSITIVE
2024-12-13,-0.5996,NEGATIVE
2024-12-24,0.3612,POSITIVE
2024-12-20,0.5719,POSITIVE
2024-12-14,-0.6597,NEGATIVE
2024-12-28,0.0,NEUTRAL
2024-12-12,0.2732,POSITIVE
2024-12-17,-0.3182,NEGATIVE
2024-12-26,0.3162,POSITIVE
2024-12-14,0.4574,POSITIVE
2024-12-13,0.9019,POSITIVE
2024-12-28,0.4215,POSITIVE
2024-12-21,-0.7069,NEGATIVE
2024-12-28,0.6249,POSITIVE
2024-12-27,-0.8668,NEGATIVE
2024-12-11,0.4588,POSITIVE
2024-12-09,0.0,NEUTRAL
2024-12-19,-0.4767,NEGATIVE
2024-12-01,-0.5574,NEGATIVE
2024-12-02,0.3182,POSITIVE
2024-12-14,-0.3182,NEGATIVE
2024-12-29,-0.9108,NEGATIVE
2024-12-21,0.4497,POSITIVE
2024-12-22,-0.3818,NEGATIVE
2024-12-28,-0.4215,NEGATIVE
2024-12-09,-0.8481,NEGATIVE
2024-12-23,0.4657,POSITIVE
2024-12-03,0.7193,POSITIVE
2024-12-23,0.4939,POSITIVE
2024-12-12,-0.3885,NEGATIVE
2024-12-07,0.4902,POSITIVE
2024-12-27,0.5255,POSITIVE
2024-12-05,0.5413,POSITIVE
2024-12-28,0.7883,POSITIVE
2024-12-25,-0.5423,NEGATIVE
2024-12-30,-0.5423,NEGATIVE
2024-12-04,-0.5267,NEGATIVE
2024-12-26,0.0194,NEUTRAL
2024-12-23,-0.5667,NEGATIVE
2024-12-18,0.2385,POSITIVE
2024-12-18,0.8885,POSITIVE
2024-12-02,-0.5574,NEGATIVE
2024-12-23,0.9099,POSITIVE
2024-12-09,0.2396,POSITIVE
2024-12-05,-0.6836,NEGATIVE
2024-12-28,0.9162,POSITIVE
2024-12-17,0.4215,POSITIVE
2024-12-22,-0.3736,NEGATIVE
2024-12-21,0.4404,POSITIVE
2024-12-19,0.9613,POSITIVE
2024-12-27,0.0,NEUTRAL
2024-12-26,0.2263,POSITIVE
2024-12-21,0.5255,POSITIVE
2024-12-27,0.0,NEUTRAL
2024-12-20,-0.0772,NEGATIVE
2024-12-23,0.383,POSITIVE
2024-12-21,0.3182,POSITIVE
2024-12-18,0.9215,POSITIVE
2024-12-22,0.2016,POSITIVE
2024-12-09,-0.4767,NEGATIVE
2024-12-20,0.651,POSITIVE
2024-12-17,-0.7684,NEGATIVE
2024-12-02,0.0,NEUTRAL
2024-12-12,0.5267,POSITIVE
2024-12-13,0.4753,POSITIVE
2024-12-01,-0.5423,NEGATIVE
2024-12-02,-0.5574,NEGATIVE
2024-12-08,-0.3612,NEGATIVE
2024-12-22,0.2263,POSITIVE
2024-12-19,0.0,NEUTRAL
2024-12-26,-0.6347,NEGATIVE
2024-12-21,0.9371,POSITIVE
2024-12-30,-0.4257,NEGATIVE
2024-12-01,-0.9705,NEGATIVE
2024-12-19,-0.0258,NEUTRAL
2024-12-09,0.4019,POSITIVE
2024-12-01,0.3145,POSITIVE
2024-12-19,0.0,NEUTRAL
2024-12-15,0.8271,POSITIVE
2024-11-30,0.5574,POSITIVE
2024-12-21,0.3612,POSITIVE
2024-12-08,0.0,NEUTRAL
2024-12-12,0.8747,POSITIVE
2024-12-20,-0.3244,NEGATIVE
2024-12-15,0.0,NEUTRAL
2024-12-18,0.4871,POSITIVE
2024-12-20,0.0772,POSITIVE
2024-11-30,0.25,POSITIVE
2024-12-05,0.2144,POSITIVE
2024-12-19,0.8941,POSITIVE
2024-12-29,0.0,NEUTRAL
2024-12-06,0.0,NEUTRAL
2024-12-19,0.0,NEUTRAL
2024-12-09,0.0,NEUTRAL
2024-12-01,-0.836,NEGATIVE
2024-12-22,-0.0258,NEUTRAL
2024-12-27,-0.3089,NEGATIVE
2024-12-30,-0.0835,NEGATIVE
2024-11-30,0.0,NEUTRAL
2024-12-14,0.6808,POSITIVE
2024-12-29,0.8522,POSITIVE
2024-12-28,-0.7463,NEGATIVE
2024-12-01,0.0,NEUTRAL
2024-11-30,-0.2617,NEGATIVE
2024-12-15,0.9393,POSITIVE
2024-12-01,-0.9466,NEGATIVE
2024-12-18,-0.4215,NEGATIVE
2024-12-28,-0.6369,NEGATIVE
2024-12-30,-0.7574,NEGATIVE
2024-12-28,-0.2244,NEGATIVE
2024-12-28,-0.4588,NEGATIVE
2024-12-14,0.2421,POSITIVE
2024-12-18,0.6199,POSITIVE
2024-12-27,0.25,POSITIVE
2024-12-20,0.8176,POSITIVE
2024-12-23,0.0,NEUTRAL
2024-12-14,0.0767,POSITIVE
2024-12-08,0.946,POSITIVE
2024-12-15,-0.5677,NEGATIVE
2024-12-26,0.7351,POSITIVE
2024-12-22,0.6705,POSITIVE
2024-12-24,-0.4404,NEGATIVE
2024-12-01,0.0387,NEUTRAL
2024-12-21,0.3376,POSITIVE
2024-12-22,-0.2732,NEGATIVE
2024-12-17,0.4995,POSITIVE
2024-12-26,0.936,POSITIVE
2024-12-01,0.296,POSITIVE
2024-12-20,-0.573,NEGATIVE
2024-12-07,0.4321,POSITIVE
2024-12-05,-0.4588,NEGATIVE
2024-12-28,-0.7121,NEGATIVE
2024-12-21,-0.0516,NEGATIVE
2024-12-19,-0.1531,NEGATIVE
2024-12-14,0.9919,POSITIVE
2024-12-18,0.0,NEUTRAL
2024-12-02,-0.8519,NEGATIVE
2024-12-01,0.7096,POSITIVE
2024-12-26,-0.5423,NEGATIVE
2024-12-24,0.7783,POSITIVE
2024-12-20,-0.3612,NEGATIVE
2024-12-20,-0.7501,NEGATIVE
2024-12-28,0.8934,POSITIVE
2024-12-12,-0.6476,NEGATIVE
2024-12-11,-0.504,NEGATIVE
2024-12-01,0.7112,POSITIVE
2024-12-24,-0.6326,NEGATIVE
2024-12-20,-0.5719,NEGATIVE
2024-12-28,0.91,POSITIVE
2024-12-11,0.6199,POSITIVE
2024-12-02,-0.3178,NEGATIVE
2024-12-11,-0.114,NEGATIVE
2024-12-11,-0.6124,NEGATIVE
2024-12-27,0.5278,POSITIVE
2024-12-30,0.6486,POSITIVE
2024-12-20,0.6369,POSITIVE
2024-12-07,0.6369,POSITIVE
2024-12-29,0.0,NEUTRAL
2024-12-28,-0.4215,NEGATIVE
2024-12-19,0.0,NEUTRAL
2024-12-23,-0.6144,NEGATIVE
2024-12-27,0.0,NEUTRAL
2024-12-20,-0.6705,NEGATIVE
2024-12-01,0.5719,POSITIVE
2024-12-03,0.9042,POSITIVE
2024-12-28,-0.5994,NEGATIVE
2024-12-08,0.891,POSITIVE
2024-12-28,0.9655,POSITIVE
2024-12-11,0.2263,POSITIVE
2024-12-26,0.6705,POSITIVE
2024-12-03,0.6259,POSITIVE
2024-12-19,-0.3382,NEGATIVE
2024-12-03,-0.765,NEGATIVE
2024-12-25,0.0,NEUTRAL
2024-12-06,-0.5423,NEGATIVE
2024-12-16,0.0372,NEUTRAL
2024-12-11,0.5562,POSITIVE
2024-12-27,0.3612,POSITIVE
2024-12-19,-0.5423,NEGATIVE
2024-12-23,-0.7906,NEGATIVE
2024-12-19,0.128,POSITIVE
2024-12-18,0.7212,POSITIVE
2024-12-23,0.858,POSITIVE
2024-12-09,0.7391,POSITIVE
2024-12-22,0.7173,POSITIVE
2024-12-22,0.2382,POSITIVE
2024-12-19,0.0868,POSITIVE
2024-12-28,0.9406,POSITIVE
2024-12-13,0.69,POSITIVE
2024-12-07,0.6249,POSITIVE
2024-12-07,0.0,NEUTRAL
2024-12-19,-0.782,NEGATIVE
2024-12-28,-0.7764,NEGATIVE
2024-12-20,-0.0869,NEGATIVE
2024-12-01,0.2263,POSITIVE
2024-12-30,0.688,POSITIVE
2024-12-03,0.9365,POSITIVE
2024-12-21,0.8957,POSITIVE
2024-12-29,0.5267,POSITIVE
2024-12-03,-0.8439,NEGATIVE
2024-12-26,0.0,NEUTRAL
2024-12-13,-0.7506,NEGATIVE
2024-12-29,0.81,POSITIVE
2024-12-17,0.9469,POSITIVE
2024-12-18,0.34,POSITIVE
2024-12-20,0.1426,POSITIVE
2024-12-25,0.0,NEUTRAL
2024-12-30,-0.7506,NEGATIVE
2024-12-06,0.0,NEUTRAL
2024-12-03,-0.7915,NEGATIVE
2024-12-22,0.7906,POSITIVE
2024-12-17,-0.7506,NEGATIVE
2024-12-26,-0.9868,NEGATIVE
2024-12-10,0.9011,POSITIVE
2024-12-03,0.3085,POSITIVE
2024-12-06,0.9495,POSITIVE
2024-12-19,0.68,POSITIVE
2024-12-29,0.8074,POSITIVE
2024-12-28,0.4728,POSITIVE
2024-12-07,-0.5166,NEGATIVE
2024-12-20,0.3182,POSITIVE
2024-12-03,0.8319,POSITIVE
2024-12-01,-0.9856,NEGATIVE
2024-12-03,0.0772,POSITIVE
2024-12-05,-0.296,NEGATIVE
2024-12-19,-0.5267,NEGATIVE
2024-12-09,0.6486,POSITIVE
2024-12-05,0.0,NEUTRAL
2024-12-14,0.0,NEUTRAL
2024-12-14,0.5374,POSITIVE
2024-12-25,-0.4632,NEGATIVE
2024-12-29,0.0771,POSITIVE
2024-12-17,0.9184,POSITIVE
2024-12-30,-0.34,NEGATIVE
2024-12-14,0.3612,POSITIVE
2024-12-21,-0.0422,NEUTRAL
2024-12-17,0.0,NEUTRAL
2024-12-07,0.9067,POSITIVE
2024-12-15,0.0,NEUTRAL
2024-12-28,0.7684,POSITIVE
2024-12-06,0.0,NEUTRAL
2024-12-17,0.0,NEUTRAL
2024-12-21,0.6249,POSITIVE
2024-12-27,-0.4767,NEGATIVE
2024-12-01,0.25,POSITIVE
2024-12-15,0.8221,POSITIVE
2024-12-21,-0.0772,NEGATIVE
2024-12-04,-0.9842,NEGATIVE
2024-12-29,0.8926,POSITIVE
2024-12-03,0.836,POSITIVE
2024-12-21,-0.6366,NEGATIVE
2024-12-01,0.5859,POSITIVE
2024-12-16,0.0,NEUTRAL
2024-12-12,-0.7013,NEGATIVE
2024-12-15,0.9245,POSITIVE
2024-12-19,0.7096,POSITIVE
2024-12-09,0.8126,POSITIVE
2024-12-15,-0.3182,NEGATIVE
2024-12-16,0.8176,POSITIVE
2024-12-19,-0.8834,NEGATIVE
2024-12-05,0.3875,POSITIVE
2024-12-11,0.6637,POSITIVE
2024-12-11,0.8853,POSITIVE
2024-12-14,0.9932,POSITIVE
2024-12-12,-0.5904,NEGATIVE
2024-12-29,-0.2617,NEGATIVE
2024-12-26,-0.7351,NEGATIVE
2024-12-14,0.9393,POSITIVE
2024-12-23,0.0,NEUTRAL
2024-12-03,0.802,POSITIVE
2024-12-14,0.0,NEUTRAL
2024-12-22,0.25,POSITIVE
2024-12-13,-0.969,NEGATIVE
2024-12-29,0.366,POSITIVE
2024-12-12,-0.4854,NEGATIVE
2024-12-22,-0.1045,NEGATIVE
2024-12-21,0.0,NEUTRAL
2024-12-22,-0.5994,NEGATIVE
2024-12-18,-0.6486,NEGATIVE
2024-12-23,0.5454,POSITIVE
2024-12-05,0.7345,POSITIVE
2024-12-20,0.9723,POSITIVE
2024-12-22,-0.8131,NEGATIVE
2024-12-17,0.9508,POSITIVE
2024-12-10,0.1531,POSITIVE
2024-12-24,0.0,NEUTRAL
2024-12-04,0.0,NEUTRAL
2024-12-25,0.3291,POSITIVE
2024-12-21,0.0516,POSITIVE
2024-12-30,0.765,POSITIVE
2024-12-23,0.0,NEUTRAL
2024-12-06,-0.3182,NEGATIVE
2024-12-30,-0.3818,NEGATIVE
2024-12-24,-0.777,NEGATIVE
2024-12-12,0.296,POSITIVE
2024-12-23,0.4019,POSITIVE
2024-12-15,0.9929,POSITIVE
2024-12-18,-0.825,NEGATIVE
2024-12-03,-0.5346,NEGATIVE
2024-12-09,-0.25,NEGATIVE
2024-12-02,-0.3291,NEGATIVE
2024-12-23,0.0,NEUTRAL
2024-12-14,-0.872,NEGATIVE
2024-12-26,0.1779,POSITIVE
2024-12-28,0.1779,POSITIVE
2024-12-03,0.8573,POSITIVE
2024-12-23,0.0,NEUTRAL
2024-12-21,0.0,NEUTRAL
2024-12-27,0.1663,POSITIVE
2024-12-11,0.4939,POSITIVE
2024-12-28,-0.3182,NEGATIVE
2024-12-08,-0.5267,NEGATIVE
2024-12-07,-0.8047,NEGATIVE
2024-12-27,-0.5267,NEGATIVE
2024-12-19,0.4215,POSITIVE
2024-12-23,0.0,NEUTRAL
2024-12-02,0.4315,POSITIVE
2024-12-15,0.8591,POSITIVE
2024-12-23,-0.217,NEGATIVE
2024-12-16,0.68,POSITIVE
2024-12-22,-0.4939,NEGATIVE
2024-12-02,-0.5727,NEGATIVE
2024-12-20,-0.6696,NEGATIVE
2024-12-23,0.0,NEUTRAL
2024-12-26,0.7178,POSITIVE
2024-12-21,0.7351,POSITIVE
2024-12-27,0.4588,POSITIVE
2024-12-10,0.6124,POSITIVE
2024-12-21,0.0,NEUTRAL
2024-12-20,-0.5719,NEGATIVE
2024-12-12,0.8196,POSITIVE
2024-12-24,0.1027,POSITIVE
2024-12-23,-0.7988,NEGATIVE
2024-12-28,-0.4019,NEGATIVE
2024-12-18,0.5719,POSITIVE
2024-12-01,-0.4215,NEGATIVE
2024-12-02,0.8074,POSITIVE
2024-12-29,-0.6298,NEGATIVE
2024-12-28,-0.5162,NEGATIVE
2024-12-03,0.0,NEUTRAL
2024-12-16,0.25,POSITIVE
2024-12-18,0.3182,POSITIVE
2024-12-08,-0.6124,NEGATIVE
2024-12-25,0.8507,POSITIVE
2024-12-23,-0.6107,NEGATIVE
2024-12-29,0.0,NEUTRAL
2024-12-18,0.6573,POSITIVE
2024-12-19,0.0,NEUTRAL
2024-12-21,0.886,POSITIVE
2024-12-23,0.0,NEUTRAL
2024-12-19,0.0,NEUTRAL
2024-12-19,0.3487,POSITIVE
2024-12-30,0.0,NEUTRAL
2024-12-06,-0.68,NEGATIVE
2024-12-06,0.1531,POSITIVE
2024-12-22,-0.0258,NEUTRAL
2024-12-16,-0.9861,NEGATIVE
2024-12-21,-0.8627,NEGATIVE
2024-12-24,-0.9929,NEGATIVE
2024-12-30,0.4215,POSITIVE
2024-12-15,0.1154,POSITIVE
2024-12-28,0.5574,POSITIVE
2024-12-30,0.6814,POSITIVE
2024-12-09,0.0,NEUTRAL
2024-12-21,-0.5106,NEGATIVE
2024-12-28,-0.8555,NEGATIVE
2024-12-29,-0.9473,NEGATIVE
2024-12-27,-0.9402,NEGATIVE
2024-12-16,0.1513,POSITIVE
2024-12-03,0.0,NEUTRAL
2024-12-20,0.0,NEUTRAL
2024-12-08,0.128,POSITIVE
2024-12-20,0.9819,POSITIVE
2024-12-25,0.2263,POSITIVE
2024-12-10,-0.6705,NEGATIVE
2024-12-18,-0.2593,NEGATIVE
2024-11-30,0.8173,POSITIVE
2024-12-03,0.3182,POSITIVE
2024-12-26,0.0,NEUTRAL
2024-12-22,0.0,NEUTRAL
2024-12-28,-0.7391,NEGATIVE
2024-12-19,-0.743,NEGATIVE
2024-12-02,0.3182,POSITIVE
2024-12-23,0.5106,POSITIVE
2024-12-20,0.8134,POSITIVE
2024-12-14,-0.8225,NEGATIVE
2024-12-21,-0.3612,NEGATIVE
2024-12-04,0.9539,POSITIVE
2024-12-21,0.0,NEUTRAL
2024-12-18,0.0,NEUTRAL
2024-12-08,-0.5814,NEGATIVE
2024-12-25,-0.1531,NEGATIVE
2024-12-07,0.1226,POSITIVE
2024-12-08,0.7391,POSITIVE
2024-12-11,0.0,NEUTRAL
2024-12-10,-0.4215,NEGATIVE
2024-12-04,-0.883,NEGATIVE
2024-12-27,-0.2584,NEGATIVE
2024-12-28,-0.0516,NEGATIVE
2024-12-20,0.8481,POSITIVE
2024-12-14,0.5487,POSITIVE
2024-12-16,-0.8384,NEGATIVE
2024-12-17,0.128,POSITIVE
2024-12-16,0.0,NEUTRAL
2024-12-27,0.4767,POSITIVE
2024-12-01,0.0408,NEUTRAL
2024-12-10,0.5917,POSITIVE
2024-12-14,0.1406,POSITIVE
2024-12-28,-0.7845,NEGATIVE
2024-12-16,0.5859,POSITIVE
2024-12-03,0.8187,POSITIVE
2024-12-20,-0.1531,NEGATIVE
2024-12-04,0.7275,POSITIVE
2024-12-17,-0.9136,NEGATIVE
2024-12-11,-0.5688,NEGATIVE
2024-12-07,0.9113,POSITIVE
2024-12-12,0.7188,POSITIVE
2024-12-02,-0.2263,NEGATIVE
2024-12-07,0.9749,POSITIVE
2024-12-04,0.3182,POSITIVE
2024-12-19,-0.6444,NEGATIVE
2024-12-29,0.6378,POSITIVE
2024-12-18,-0.7783,NEGATIVE
2024-12-19,0.0,NEUTRAL
2024-12-17,0.9779,POSITIVE
2024-12-22,-0.0129,NEUTRAL
2024-12-20,0.7184,POSITIVE
2024-12-01,-0.1154,NEGATIVE
2024-12-15,-0.9609,NEGATIVE
2024-12-02,-0.5106,NEGATIVE
2024-12-07,0.0,NEUTRAL
2024-12-09,0.1236,POSITIVE
2024-12-26,0.0,NEUTRAL
2024-12-28,0.34,POSITIVE
2024-12-17,0.3553,POSITIVE
2024-12-24,0.9227,POSITIVE
2024-12-20,0.8296,POSITIVE
2024-12-13,0.0,NEUTRAL
2024-12-01,0.0,NEUTRAL
2024-12-15,0.2263,POSITIVE
2024-12-06,-0.3804,NEGATIVE
2024-12-22,-0.6369,NEGATIVE
2024-12-02,-0.8555,NEGATIVE
2024-12-06,0.0,NEUTRAL
2024-12-08,0.0,NEUTRAL
2024-12-23,0.4404,POSITIVE
2024-12-20,0.5106,POSITIVE
2024-12-29,-0.5106,NEGATIVE
2024-12-17,-0.2023,NEGATIVE
2024-12-13,0.3149,POSITIVE
2024-12-07,-0.7013,NEGATIVE
2024-12-29,-0.796,NEGATIVE
2024-12-21,0.2732,POSITIVE
2024-12-28,-0.5859,NEGATIVE
2024-12-22,0.3269,POSITIVE
2024-12-01,-0.0258,NEUTRAL
2024-12-08,0.4215,POSITIVE
2024-12-19,0.0,NEUTRAL
2024-12-28,0.0258,NEUTRAL
2024-12-22,-0.4483,NEGATIVE
2024-12-12,0.0,NEUTRAL
2024-12-04,-0.1179,NEGATIVE
2024-12-12,0.3182,POSITIVE
2024-12-29,0.0,NEUTRAL
2024-12-30,-0.4019,NEGATIVE
2024-12-20,-0.2732,NEGATIVE
2024-12-21,0.3612,POSITIVE
2024-12-22,0.789,POSITIVE
2024-12-01,0.0,NEUTRAL
2024-12-09,0.8996,POSITIVE
2024-12-14,0.6705,POSITIVE
2024-12-29,0.0,NEUTRAL
2024-12-24,0.4019,POSITIVE
2024-12-14,0.6486,POSITIVE
2024-12-18,-0.5574,NEGATIVE
2024-12-14,0.6486,POSITIVE
2024-12-19,0.0,NEUTRAL
2024-12-05,0.024,NEUTRAL
2024-12-06,0.7975,POSITIVE
2024-12-11,0.34,POSITIVE
2024-12-27,0.0,NEUTRAL
2024-12-25,0.917,POSITIVE
2024-12-19,-0.9773,NEGATIVE
2024-12-26,-0.8079,NEGATIVE
2024-12-28,0.5859,POSITIVE
2024-12-23,0.5411,POSITIVE
2024-12-15,0.0,NEUTRAL
2024-12-17,-0.4404,NEGATIVE
2024-12-17,0.9442,POSITIVE
2024-12-13,0.0,NEUTRAL
2024-12-04,0.5106,POSITIVE
2024-12-20,0.0,NEUTRAL
2024-12-20,0.0,NEUTRAL
2024-12-28,0.0,NEUTRAL
2024-12-05,0.0,NEUTRAL
2024-12-28,-0.8145,NEGATIVE
2024-12-12,-0.4215,NEGATIVE
2024-12-04,0.6597,POSITIVE
2024-12-23,-0.5423,NEGATIVE
2024-12-11,0.3612,POSITIVE
2024-12-06,0.4215,POSITIVE
2024-12-23,0.1901,POSITIVE
2024-12-22,0.5859,POSITIVE
2024-12-26,0.5994,POSITIVE
2024-12-22,0.0,NEUTRAL
2024-12-21,-0.09,NEGATIVE
2024-12-23,-0.3197,NEGATIVE
2024-12-24,0.1901,POSITIVE
2024-12-22,0.9346,POSITIVE
2024-12-01,0.0,NEUTRAL
2024-12-20,-0.8221,NEGATIVE
2024-12-30,-0.5574,NEGATIVE
2024-12-20,0.0243,NEUTRAL
2024-12-27,-0.296,NEGATIVE
2024-12-20,0.8176,POSITIVE
2024-12-28,-0.0258,NEUTRAL
2024-12-06,-0.2263,NEGATIVE
2024-12-23,0.0,NEUTRAL
2024-12-24,0.0,NEUTRAL
2024-12-07,-0.6774,NEGATIVE
2024-12-12,0.3612,POSITIVE
2024-12-27,0.7059,POSITIVE
2024-12-16,0.0,NEUTRAL
2024-12-21,-0.2144,NEGATIVE
2024-12-24,-0.9661,NEGATIVE
2024-12-20,0.0,NEUTRAL
2024-12-22,-0.3182,NEGATIVE
2024-12-05,0.1106,POSITIVE
2024-11-30,0.4215,POSITIVE
2024-12-11,0.0,NEUTRAL
2024-12-15,-0.7964,NEGATIVE
2024-12-12,0.0387,NEUTRAL
2024-12-15,0.0,NEUTRAL
2024-12-06,-0.34,NEGATIVE
2024-12-16,0.1531,POSITIVE
2024-12-24,-0.5423,NEGATIVE
2024-12-12,-0.296,NEGATIVE
2024-12-22,-0.4215,NEGATIVE
2024-12-26,-0.8175,NEGATIVE
2024-12-23,-0.5017,NEGATIVE
2024-12-05,-0.9336,NEGATIVE
2024-12-24,0.7985,POSITIVE
2024-12-06,0.0772,POSITIVE
2024-12-02,-0.9144,NEGATIVE
2024-12-22,0.4019,POSITIVE
2024-12-01,0.5106,POSITIVE
2024-12-11,0.9902,POSITIVE
2024-12-02,0.9041,POSITIVE
2024-12-25,-0.6956,NEGATIVE
2024-12-22,0.0,NEUTRAL
2024-12-27,0.5859,POSITIVE
2024-12-21,0.0,NEUTRAL
2024-12-14,0.0,NEUTRAL
2024-12-15,0.7506,POSITIVE
2024-12-21,0.0,NEUTRAL
2024-12-19,0.0,NEUTRAL
2024-12-14,-0.0772,NEGATIVE
2024-12-16,-0.7099,NEGATIVE
2024-12-27,-0.1045,NEGATIVE
2024-12-20,-0.7845,NEGATIVE
2024-12-21,0.9039,POSITIVE
2024-12-12,0.0,NEUTRAL
2024-12-05,-0.704,NEGATIVE
2024-12-15,0.4588,POSITIVE
2024-12-02,0.0,NEUTRAL
2024-12-14,0.5859,POSITIVE
2024-12-18,0.4588,POSITIVE
2024-12-26,0.8248,POSITIVE
2024-12-08,-0.8986,NEGATIVE
2024-12-14,0.9514,POSITIVE
2024-12-22,0.4019,POSITIVE
2024-12-27,0.0,NEUTRAL
2024-12-20,0.4404,POSITIVE
2024-12-03,0.6561,POSITIVE
2024-12-11,0.0,NEUTRAL
2024-12-04,0.1531,POSITIVE
2024-12-11,0.3802,POSITIVE
2024-12-04,0.7003,POSITIVE
2024-12-03,0.4404,POSITIVE
2024-11-30,0.4939,POSITIVE
2024-12-22,-0.783,NEGATIVE
2024-12-08,-0.9192,NEGATIVE
2024-12-26,0.0374,NEUTRAL
2024-12-28,-0.3612,NEGATIVE
2024-12-28,0.7506,POSITIVE
2024-12-19,0.7296,POSITIVE
2024-12-23,0.3365,POSITIVE
2024-12-02,-0.1296,NEGATIVE
2024-12-20,0.4404,POSITIVE
2024-12-15,-0.5229,NEGATIVE
2024-12-26,0.926,POSITIVE
2024-12-20,0.5643,POSITIVE
2024-12-05,0.5171,POSITIVE
2024-12-05,-0.9186,NEGATIVE
2024-12-07,-0.928,NEGATIVE
2024-12-20,0.7096,POSITIVE
2024-12-27,0.0,NEUTRAL
2024-12-16,0.7003,POSITIVE
2024-12-16,0.5574,POSITIVE
2024-12-16,-0.6114,NEGATIVE
2024-12-18,-0.5667,NEGATIVE
2024-12-28,0.0,NEUTRAL
2024-12-20,-0.34,NEGATIVE
2024-12-03,0.8825,POSITIVE
2024-12-26,-0.3736,NEGATIVE
2024-12-14,0.0772,POSITIVE
2024-12-16,0.0,NEUTRAL
2024-12-21,-0.1027,NEGATIVE
2024-12-08,0.6532,POSITIVE
2024-12-21,0.0,NEUTRAL
2024-12-01,0.4588,POSITIVE
2024-12-03,0.0,NEUTRAL
2024-12-19,-0.5574,NEGATIVE
2024-12-28,0.6249,POSITIVE
2024-12-12,-0.6486,NEGATIVE
2024-12-26,-0.4019,NEGATIVE
2024-12-24,0.8687,POSITIVE
2024-12-19,0.2023,POSITIVE
2024-12-28,0.4118,POSITIVE
2024-12-24,-0.2732,NEGATIVE
2024-12-24,0.8577,POSITIVE
2024-12-30,0.3182,POSITIVE
2024-12-11,0.3177,POSITIVE
2024-12-11,-0.2047,NEGATIVE
2024-12-19,-0.8316,NEGATIVE
2024-12-13,-0.8118,NEGATIVE
2024-12-20,-0.4019,NEGATIVE
2024-12-27,0.0,NEUTRAL
2024-12-21,-0.6597,NEGATIVE
2024-12-21,0.2732,POSITIVE
2024-12-29,-0.872,NEGATIVE
2024-12-20,0.7096,POSITIVE
2024-12-24,-0.427,NEGATIVE
2024-12-08,-0.0772,NEGATIVE
2024-12-12,-0.0387,NEUTRAL
2024-12-22,-0.128,NEGATIVE
2024-12-21,0.128,POSITIVE
2024-12-13,-0.6597,NEGATIVE
2024-12-22,-0.296,NEGATIVE
2024-12-19,0.9503,POSITIVE
2024-12-27,-0.4404,NEGATIVE
2024-12-19,0.7579,POSITIVE
2024-12-07,-0.6189,NEGATIVE
2024-12-14,0.4199,POSITIVE
2024-12-13,0.0,NEUTRAL
2024-12-16,0.8807,POSITIVE
2024-12-27,0.6115,POSITIVE
2024-12-15,0.2002,POSITIVE
2024-12-01,0.7269,POSITIVE
2024-12-30,-0.644,NEGATIVE
2024-12-21,-0.6705,NEGATIVE
2024-12-11,0.6659,POSITIVE
2024-12-17,0.8761,POSITIVE
2024-12-08,0.7845,POSITIVE
2024-12-04,0.9262,POSITIVE
2024-12-10,0.9886,POSITIVE
2024-12-24,0.6428,POSITIVE
2024-12-04,0.9409,POSITIVE
2024-12-12,-0.5813,NEGATIVE
2024-12-03,0.8555,POSITIVE
2024-12-03,0.5067,POSITIVE
2024-12-13,0.6256,POSITIVE
2024-12-15,0.3094,POSITIVE
2024-12-19,-0.504,NEGATIVE
2024-12-22,0.0,NEUTRAL
2024-12-24,0.7305,POSITIVE
2024-12-15,-0.5423,NEGATIVE
2024-12-16,0.1406,POSITIVE
2024-12-05,0.0,NEUTRAL
2024-12-27,-0.7684,NEGATIVE
2024-12-16,-0.4019,NEGATIVE
2024-12-19,0.0,NEUTRAL
2024-12-25,0.0,NEUTRAL
2024-12-21,0.0772,POSITIVE
2024-12-20,0.5023,POSITIVE
2024-12-20,-0.5423,NEGATIVE
2024-12-30,0.4939,POSITIVE
2024-12-13,0.7269,POSITIVE
2024-12-14,-0.296,NEGATIVE
2024-12-17,-0.3182,NEGATIVE
2024-12-16,0.7269,POSITIVE
2024-12-09,0.0,NEUTRAL
2024-12-24,-0.5994,NEGATIVE
2024-12-25,-0.936,NEGATIVE
2024-12-17,0.0,NEUTRAL
2024-12-27,-0.6901,NEGATIVE
2024-12-16,-0.624,NEGATIVE
2024-12-10,-0.4404,NEGATIVE
2024-12-13,-0.34,NEGATIVE
2024-12-29,0.9882,POSITIVE
2024-12-13,0.6468,POSITIVE
2024-12-10,-0.9642,NEGATIVE
2024-12-10,-0.4576,NEGATIVE
2024-12-23,-0.6908,NEGATIVE
2024-12-10,0.0,NEUTRAL
2024-12-19,-0.2675,NEGATIVE
2024-12-17,-0.5574,NEGATIVE
2024-12-23,0.855,POSITIVE
2024-12-29,0.0772,POSITIVE
2024-12-10,0.4939,POSITIVE
2024-12-06,0.5358,POSITIVE
2024-12-06,0.6115,POSITIVE
2024-12-25,0.0,NEUTRAL
2024-12-23,0.0,NEUTRAL
2024-12-05,0.9716,POSITIVE
2024-12-21,0.0,NEUTRAL
2024-12-23,0.0,NEUTRAL
2024-12-18,-0.781,NEGATIVE
2024-12-08,0.4927,POSITIVE
2024-12-15,0.8037,POSITIVE
2024-12-19,0.4019,POSITIVE
2024-12-30,0.7345,POSITIVE
2024-12-21,-0.6124,NEGATIVE
2024-12-08,0.785,POSITIVE
2024-12-21,-0.7845,NEGATIVE
2024-12-21,0.0,NEUTRAL
2024-12-02,0.2714,POSITIVE
2024-12-10,0.7177,POSITIVE
2024-12-15,-0.9173,NEGATIVE
2024-12-22,0.0,NEUTRAL
2024-12-23,-0.5141,NEGATIVE
2024-12-29,-0.128,NEGATIVE
2024-12-05,0.2983,POSITIVE
2024-12-15,0.9393,POSITIVE
2024-12-15,0.8934,POSITIVE
2024-12-15,0.6187,POSITIVE
2024-12-09,0.6249,POSITIVE
2024-12-26,-0.3322,NEGATIVE
2024-12-21,-0.0772,NEGATIVE
2024-12-07,-0.7088,NEGATIVE
2024-12-26,0.0644,POSITIVE
2024-12-02,-0.91,NEGATIVE
2024-12-07,-0.1739,NEGATIVE
2024-12-05,0.765,POSITIVE
2024-12-24,0.25,POSITIVE
2024-12-18,0.6202,POSITIVE
2024-12-30,0.6531,POSITIVE
2024-12-11,-0.1027,NEGATIVE
2024-12-27,0.0,NEUTRAL
2024-12-29,0.3476,POSITIVE
2024-12-23,0.0,NEUTRAL
2024-12-23,0.1877,POSITIVE
2024-12-13,0.0,NEUTRAL
2024-12-08,0.2491,POSITIVE
2024-12-27,-0.8271,NEGATIVE
2024-12-04,-0.3648,NEGATIVE
2024-12-20,0.0,NEUTRAL
2024-12-22,-0.7615,NEGATIVE
2024-12-01,0.5499,POSITIVE
2024-12-23,-0.983,NEGATIVE
2024-12-11,0.0,NEUTRAL
2024-12-14,0.0,NEUTRAL
2024-12-20,-0.9424,NEGATIVE
2024-12-29,0.3182,POSITIVE
2024-12-04,-0.0827,NEGATIVE
2024-12-13,-0.5324,NEGATIVE
2024-12-06,0.0,NEUTRAL
2024-12-28,0.9624,POSITIVE
2024-12-28,-0.8868,NEGATIVE
2024-12-29,-0.9485,NEGATIVE
2024-12-22,0.8374,POSITIVE
2024-12-05,0.3182,POSITIVE
2024-12-26,-0.25,NEGATIVE
2024-12-18,-0.6908,NEGATIVE
2024-12-29,0.34,POSITIVE
2024-12-08,0.8807,POSITIVE
2024-12-19,0.2732,POSITIVE
2024-12-30,0.9942,POSITIVE
2024-12-08,0.0,NEUTRAL
2024-12-10,0.0,NEUTRAL
2024-12-10,0.0,NEUTRAL
2024-12-03,0.816,POSITIVE
2024-12-16,0.0,NEUTRAL
2024-12-16,0.0,NEUTRAL
2024-12-18,-0.1356,NEGATIVE
2024-12-11,0.0387,NEUTRAL
2024-12-04,0.6757,POSITIVE
2024-12-17,0.0,NEUTRAL
2024-12-19,-0.802,NEGATIVE
2024-12-21,-0.9414,NEGATIVE
2024-12-11,-0.0601,NEGATIVE
2024-12-23,-0.5574,NEGATIVE
2024-12-05,0.0,NEUTRAL
2024-12-20,0.0,NEUTRAL
2024-12-20,0.0,NEUTRAL
2024-12-21,0.8916,POSITIVE
2024-12-27,-0.3182,NEGATIVE
2024-12-05,-0.4159,NEGATIVE
2024-12-11,-0.0352,NEUTRAL
2024-12-18,0.886,POSITIVE
2024-12-22,0.5789,POSITIVE
2024-12-17,-0.6351,NEGATIVE
2024-12-28,-0.34,NEGATIVE
2024-12-04,0.4588,POSITIVE
2024-12-08,0.3612,POSITIVE
2024-12-14,0.0,NEUTRAL
2024-12-16,0.9735,POSITIVE
2024-12-29,-0.5106,NEGATIVE
2024-12-30,-0.8225,NEGATIVE
2024-12-01,0.0,NEUTRAL
2024-12-14,0.0,NEUTRAL
2024-12-21,0.7003,POSITIVE
2024-12-28,0.223,POSITIVE
2024-12-06,-0.4472,NEGATIVE
2024-12-16,-0.8527,NEGATIVE
2024-12-27,0.9568,POSITIVE
2024-12-03,-0.6801,NEGATIVE
2024-12-04,0.0,NEUTRAL
2024-12-19,0.9644,POSITIVE
2024-12-23,0.5719,POSITIVE
2024-12-09,-0.7579,NEGATIVE
2024-12-28,-0.4767,NEGATIVE
2024-12-27,-0.34,NEGATIVE
2024-12-02,0.2263,POSITIVE
2024-12-08,0.8321,POSITIVE
2024-12-12,-0.9258,NEGATIVE
2024-12-03,0.0,NEUTRAL
2024-12-03,0.9654,POSITIVE
2024-12-20,-0.4222,NEGATIVE
2024-12-24,-0.3382,NEGATIVE
2024-12-26,0.6808,POSITIVE
2024-12-10,-0.576,NEGATIVE
2024-12-04,0.0,NEUTRAL
2024-12-23,0.9682,POSITIVE
2024-12-28,0.3612,POSITIVE
2024-12-29,0.3182,POSITIVE
2024-12-19,0.0,NEUTRAL
2024-12-19,0.5106,POSITIVE
2024-12-19,0.7096,POSITIVE
2024-12-04,0.2077,POSITIVE
2024-12-26,-0.1154,NEGATIVE
2024-12-19,0.4404,POSITIVE
2024-12-23,0.937,POSITIVE
2024-12-26,0.1779,POSITIVE
2024-12-29,-0.2732,NEGATIVE
2024-12-01,-0.0534,NEGATIVE
2024-12-08,0.0,NEUTRAL
2024-12-04,-0.1779,NEGATIVE
2024-12-26,0.0,NEUTRAL
2024-12-17,-0.1531,NEGATIVE
2024-12-20,-0.6138,NEGATIVE
2024-12-14,0.5106,POSITIVE
2024-12-06,0.5106,POSITIVE
2024-12-18,-0.1154,NEGATIVE
2024-12-02,0.9726,POSITIVE
2024-12-17,0.09,POSITIVE
2024-12-19,0.8481,POSITIVE
2024-12-13,0.7959,POSITIVE
2024-12-02,-0.4019,NEGATIVE
2024-12-15,0.0,NEUTRAL
2024-12-28,0.0,NEUTRAL
2024-12-22,-0.0989,NEGATIVE
2024-12-20,0.0,NEUTRAL
2024-12-18,0.3353,POSITIVE
2024-12-19,-0.7845,NEGATIVE
2024-12-07,0.5719,POSITIVE
2024-12-09,0.5959,POSITIVE
2024-12-19,-0.6956,NEGATIVE
2024-12-20,0.0,NEUTRAL
2024-12-23,0.0258,NEUTRAL
2024-12-07,0.5859,POSITIVE
2024-12-11,-0.6908,NEGATIVE
2024-12-28,0.0,NEUTRAL
2024-12-16,0.0,NEUTRAL
2024-12-25,-0.1779,NEGATIVE
2024-12-19,0.2148,POSITIVE
2024-12-14,0.3956,POSITIVE
2024-12-21,0.5093,POSITIVE
2024-12-16,-0.2732,NEGATIVE
2024-12-09,-0.2869,NEGATIVE
2024-12-29,0.1154,POSITIVE
2024-12-11,0.891,POSITIVE
2024-12-24,-0.2957,NEGATIVE
2024-12-06,0.0,NEUTRAL
2024-12-02,0.4019,POSITIVE
2024-12-20,0.2714,POSITIVE
2024-12-04,0.939,POSITIVE
2024-12-28,0.3008,POSITIVE
2024-12-07,-0.5994,NEGATIVE
2024-12-27,0.4939,POSITIVE
2024-12-17,0.8442,POSITIVE
2024-12-29,0.7604,POSITIVE
2024-12-29,0.0,NEUTRAL
2024-12-11,-0.8209,NEGATIVE
2024-12-24,0.4927,POSITIVE
2024-12-26,-0.005,NEUTRAL
2024-12-29,0.7901,POSITIVE
2024-12-04,0.2732,POSITIVE
2024-12-25,0.6499,POSITIVE
2024-12-04,0.6808,POSITIVE
2024-12-20,-0.423,NEGATIVE
2024-12-01,0.0,NEUTRAL
2024-12-07,-0.7717,NEGATIVE
2024-12-02,-0.4767,NEGATIVE
2024-12-09,0.9041,POSITIVE
2024-12-21,0.5286,POSITIVE
2024-12-28,-0.0258,NEUTRAL
2024-12-23,0.9921,POSITIVE
2024-12-22,0.0,NEUTRAL
2024-12-29,0.4215,POSITIVE
2024-12-10,-0.8205,NEGATIVE
2024-12-01,-0.9584,NEGATIVE
2024-12-07,0.4497,POSITIVE
2024-12-11,0.2652,POSITIVE
2024-12-27,0.9805,POSITIVE
2024-12-26,-0.0541,NEGATIVE
2024-12-24,-0.25,NEGATIVE
2024-12-14,0.8568,POSITIVE
2024-12-27,-0.3412,NEGATIVE
2024-12-20,-0.9117,NEGATIVE
2024-12-15,0.9452,POSITIVE
2024-12-23,-0.1027,NEGATIVE
2024-12-20,-0.6369,NEGATIVE
2024-12-03,0.7964,POSITIVE
2024-12-28,0.6249,POSITIVE
2024-12-17,-0.7147,NEGATIVE
2024-12-20,0.6486,POSITIVE
2024-12-19,0.9025,POSITIVE
2024-12-14,-0.9485,NEGATIVE
2024-12-29,0.6757,POSITIVE
2024-12-18,0.9827,POSITIVE
2024-12-11,0.99,POSITIVE
2024-12-28,0.3597,POSITIVE
2024-12-10,0.5565,POSITIVE
2024-12-20,-0.5187,NEGATIVE
2024-12-09,-0.0516,NEGATIVE
2024-12-19,0.0,NEUTRAL
2024-12-21,0.8612,POSITIVE
2024-12-18,0.765,POSITIVE
2024-12-30,-0.8475,NEGATIVE
2024-12-26,-0.7579,NEGATIVE
2024-12-24,-0.4404,NEGATIVE
2024-12-29,0.4019,POSITIVE
2024-12-10,0.7964,POSITIVE
2024-12-29,-0.2144,NEGATIVE
2024-12-29,-0.1603,NEGATIVE
2024-12-19,0.4019,POSITIVE
2024-12-21,0.5859,POSITIVE
2024-12-06,0.2732,POSITIVE
2024-12-26,-0.2885,NEGATIVE
2024-12-21,0.5859,POSITIVE
2024-12-27,-0.4588,NEGATIVE
2024-12-24,-0.4767,NEGATIVE
2024-12-07,0.9136,POSITIVE
2024-12-16,-0.9426,NEGATIVE
2024-12-19,0.0,NEUTRAL
2024-12-09,0.3612,POSITIVE
2024-12-19,0.0,NEUTRAL
2024-12-24,0.1783,POSITIVE
2024-12-26,0.25,POSITIVE
2024-12-27,0.0,NEUTRAL
2024-12-21,-0.991,NEGATIVE
2024-12-01,-0.5267,NEGATIVE
2024-12-28,-0.5255,NEGATIVE
2024-12-17,0.0498,NEUTRAL
2024-12-30,0.0,NEUTRAL
2024-12-23,0.128,POSITIVE
2024-12-17,0.0,NEUTRAL
2024-12-19,0.4767,POSITIVE
2024-12-05,0.0,NEUTRAL
2024-12-22,0.5859,POSITIVE
2024-12-11,-0.6928,NEGATIVE
2024-12-20,0.2144,POSITIVE
2024-12-18,-0.0516,NEGATIVE
2024-12-03,-0.264,NEGATIVE
2024-12-03,0.9741,POSITIVE
2024-12-03,0.0,NEUTRAL
2024-12-23,-0.3818,NEGATIVE
2024-12-24,-0.6369,NEGATIVE
2024-12-11,0.7096,POSITIVE
2024-12-27,-0.96,NEGATIVE
2024-12-29,0.7639,POSITIVE
2024-12-12,0.6696,POSITIVE
2024-12-23,0.0,NEUTRAL
2024-12-28,-0.6633,NEGATIVE
2024-12-02,0.0,NEUTRAL
2024-12-09,-0.6808,NEGATIVE
2024-12-24,-0.128,NEGATIVE
2024-12-21,0.0,NEUTRAL
2024-12-18,0.0679,POSITIVE
2024-12-15,-0.8126,NEGATIVE
2024-12-02,0.584,POSITIVE
2024-12-28,-0.743,NEGATIVE
2024-12-02,-0.9111,NEGATIVE
2024-12-08,0.3612,POSITIVE
2024-12-21,0.1027,POSITIVE
2024-12-01,0.6705,POSITIVE
2024-12-27,-0.5574,NEGATIVE
2024-12-01,-0.705,NEGATIVE
2024-12-28,0.0,NEUTRAL
2024-12-09,0.0516,POSITIVE
2024-12-30,-0.6124,NEGATIVE
2024-12-20,-0.5965,NEGATIVE
2024-12-14,0.7319,POSITIVE
2024-12-24,0.168,POSITIVE
2024-12-18,0.5574,POSITIVE
2024-12-20,0.0,NEUTRAL
2024-12-12,-0.9438,NEGATIVE
2024-12-19,0.4421,POSITIVE
2024-12-17,0.0,NEUTRAL
2024-12-30,0.25,POSITIVE
2024-12-07,0.0,NEUTRAL
2024-12-19,0.5719,POSITIVE
2024-12-01,0.9299,POSITIVE
2024-12-11,-0.9512,NEGATIVE
2024-12-22,0.0,NEUTRAL
2024-12-02,0.9873,POSITIVE
2024-12-19,0.3182,POSITIVE
2024-12-11,0.0,NEUTRAL
2024-12-09,-0.2003,NEGATIVE
2024-12-30,-0.7962,NEGATIVE
2024-12-19,-0.8225,NEGATIVE
2024-12-16,-0.8271,NEGATIVE
2024-12-12,0.0,NEUTRAL
2024-12-19,0.5423,POSITIVE
2024-12-19,0.7088,POSITIVE
2024-12-04,0.0,NEUTRAL
2024-12-12,0.0258,NEUTRAL
2024-12-29,0.4767,POSITIVE
2024-12-27,-0.4767,NEGATIVE
2024-12-19,0.3182,POSITIVE
2024-12-02,0.2263,POSITIVE
2024-12-05,0.3691,POSITIVE
2024-12-20,0.6486,POSITIVE
2024-12-29,-0.6597,NEGATIVE
2024-12-22,-0.743,NEGATIVE
2024-12-17,0.0,NEUTRAL
2024-12-09,0.2598,POSITIVE
2024-12-24,0.7876,POSITIVE
2024-12-02,0.8522,POSITIVE
2024-12-14,0.3071,POSITIVE
2024-12-18,0.9832,POSITIVE
2024-12-14,-0.6837,NEGATIVE
2024-12-14,-0.2846,NEGATIVE
2024-12-08,0.0,NEUTRAL
2024-12-04,-0.9791,NEGATIVE
2024-12-11,-0.8168,NEGATIVE
2024-12-12,0.6597,POSITIVE
2024-12-18,-0.743,NEGATIVE
2024-12-21,0.9971,POSITIVE
2024-12-09,-0.0516,NEGATIVE
2024-12-26,0.6369,POSITIVE
2024-12-28,-0.8834,NEGATIVE
2024-12-10,0.0,NEUTRAL
2024-12-19,0.0,NEUTRAL
2024-12-06,0.2263,POSITIVE
2024-12-18,-0.625,NEGATIVE
2024-12-03,0.836,POSITIVE
2024-12-19,0.6203,POSITIVE
2024-12-15,0.8922,POSITIVE
2024-12-16,0.8257,POSITIVE
2024-12-07,0.6705,POSITIVE
2024-12-04,0.2716,POSITIVE
2024-12-18,0.765,POSITIVE
2024-12-17,0.4118,POSITIVE
2024-12-25,0.0,NEUTRAL
2024-12-25,0.0516,POSITIVE
2024-12-09,0.3182,POSITIVE
2024-12-17,0.7906,POSITIVE
2024-12-07,0.3612,POSITIVE
2024-12-03,-0.8074,NEGATIVE
2024-12-21,0.7622,POSITIVE
2024-12-28,-0.9748,NEGATIVE
2024-12-17,0.0,NEUTRAL
2024-12-17,0.6114,POSITIVE
2024-12-28,-0.9917,NEGATIVE
2024-12-05,0.7061,POSITIVE
2024-12-29,-0.4215,NEGATIVE
2024-12-20,0.0,NEUTRAL
2024-12-08,-0.2057,NEGATIVE
2024-12-18,0.8402,POSITIVE
2024-12-10,0.6964,POSITIVE
2024-12-17,0.9306,POSITIVE
2024-12-29,0.0258,NEUTRAL
2024-12-13,0.6573,POSITIVE
2024-12-23,-0.1027,NEGATIVE
2024-12-19,0.0772,POSITIVE
2024-12-23,0.4329,POSITIVE
2024-12-19,-0.34,NEGATIVE
2024-12-28,-0.8519,NEGATIVE
2024-12-10,0.8631,POSITIVE
2024-12-28,0.0,NEUTRAL
2024-12-22,0.0,NEUTRAL
2024-12-28,0.7579,POSITIVE
2024-12-29,-0.5719,NEGATIVE
2024-12-03,0.3818,POSITIVE
2024-12-25,0.6326,POSITIVE
2024-12-10,0.8748,POSITIVE
2024-12-11,0.5499,POSITIVE
2024-12-29,-0.8625,NEGATIVE
2024-12-13,-0.9677,NEGATIVE
2024-12-17,-0.5095,NEGATIVE
2024-12-18,-0.4757,NEGATIVE
2024-12-03,0.4784,POSITIVE
2024-12-04,0.4939,POSITIVE
2024-12-02,0.0,NEUTRAL
2024-12-30,0.0,NEUTRAL
2024-12-15,0.25,POSITIVE
2024-12-10,0.0,NEUTRAL
2024-12-09,-0.6767,NEGATIVE
2024-12-22,-0.8872,NEGATIVE
2024-12-16,-0.6486,NEGATIVE
2024-12-16,0.9517,POSITIVE
2024-12-19,0.8299,POSITIVE
2024-12-14,0.128,POSITIVE
2024-12-12,-0.5475,NEGATIVE
2024-12-06,-0.6486,NEGATIVE
2024-12-15,-0.5789,NEGATIVE
2024-12-29,0.0,NEUTRAL
2024-12-16,0.0,NEUTRAL
2024-12-01,0.4404,POSITIVE
2024-12-09,0.5106,POSITIVE
2024-12-11,0.3091,POSITIVE
2024-12-12,-0.7269,NEGATIVE
2024-12-20,0.0,NEUTRAL
2024-12-17,-0.9322,NEGATIVE
2024-12-28,0.0,NEUTRAL
2024-12-24,-0.9136,NEGATIVE
2024-12-06,0.4215,POSITIVE
2024-12-21,-0.0772,NEGATIVE
2024-12-11,0.5108,POSITIVE
2024-12-11,0.3612,POSITIVE
2024-12-23,-0.296,NEGATIVE
2024-12-19,0.6696,POSITIVE
2024-12-22,0.8124,POSITIVE
2024-12-13,-0.9479,NEGATIVE
2024-12-22,-0.5577,NEGATIVE
2024-12-13,0.0,NEUTRAL
2024-12-14,0.8338,POSITIVE
2024-12-28,0.6335,POSITIVE
2024-12-27,-0.6705,NEGATIVE
2024-12-20,-0.0772,NEGATIVE
2024-12-03,-0.8926,NEGATIVE
2024-12-10,0.2732,POSITIVE
2024-12-28,0.8119,POSITIVE
2024-12-27,0.9253,POSITIVE
2024-12-23,-0.8682,NEGATIVE
2024-12-21,0.2115,POSITIVE
2024-12-30,-0.2263,NEGATIVE
2024-12-21,0.4588,POSITIVE
2024-12-07,0.5584,POSITIVE
2024-12-14,0.0,NEUTRAL
2024-12-06,0.0,NEUTRAL
2024-12-01,0.0,NEUTRAL
2024-12-19,-0.5106,NEGATIVE
2024-12-30,0.3003,POSITIVE
2024-12-12,0.296,POSITIVE
2024-12-11,0.0,NEUTRAL
2024-12-04,-0.881,NEGATIVE
2024-12-04,0.0,NEUTRAL
2024-12-29,0.3682,POSITIVE
2024-12-19,0.5023,POSITIVE
2024-12-07,-0.6486,NEGATIVE
2024-12-01,-0.2023,NEGATIVE
2024-12-01,0.0,NEUTRAL
2024-12-24,0.6369,POSITIVE
2024-12-19,-0.439,NEGATIVE
2024-12-06,-0.4019,NEGATIVE
2024-12-15,0.4215,POSITIVE
2024-12-27,0.1844,POSITIVE
2024-12-22,0.34,POSITIVE
2024-12-20,0.8216,POSITIVE
2024-12-28,-0.8658,NEGATIVE
2024-12-25,0.7269,POSITIVE
2024-12-26,0.4712,POSITIVE
2024-12-22,0.6742,POSITIVE
2024-12-14,-0.5719,NEGATIVE
2024-12-02,0.0,NEUTRAL
2024-12-22,0.6908,POSITIVE
2024-12-04,0.9575,POSITIVE
2024-12-20,0.9259,POSITIVE
2024-12-28,-0.9814,NEGATIVE
2024-12-28,-0.1621,NEGATIVE
2024-12-06,0.82,POSITIVE
2024-12-21,0.8106,POSITIVE
2024-12-27,0.3182,POSITIVE
2024-12-06,0.5719,POSITIVE
2024-12-06,0.8302,POSITIVE
2024-12-22,-0.1224,NEGATIVE
2024-12-17,0.3182,POSITIVE
2024-12-28,0.5719,POSITIVE
2024-12-08,-0.1027,NEGATIVE
2024-12-20,0.0516,POSITIVE
2024-12-11,0.0,NEUTRAL
2024-12-14,0.7269,POSITIVE
2024-12-04,-0.8834,NEGATIVE
2024-12-24,0.0,NEUTRAL
2024-12-10,0.9928,POSITIVE
2024-12-25,0.0,NEUTRAL
2024-12-28,-0.4021,NEGATIVE
2024-12-19,0.161,POSITIVE
2024-12-19,0.4494,POSITIVE
2024-12-23,-0.3089,NEGATIVE
2024-12-04,-0.4774,NEGATIVE
2024-12-21,-0.7783,NEGATIVE
2024-12-08,0.886,POSITIVE
2024-12-10,-0.6249,NEGATIVE
2024-12-28,-0.4588,NEGATIVE
2024-12-15,0.0,NEUTRAL
2024-12-19,-0.8834,NEGATIVE
2024-12-12,0.7183,POSITIVE
2024-12-12,-0.8226,NEGATIVE
2024-12-22,0.7102,POSITIVE
2024-12-16,-0.9651,NEGATIVE
2024-12-14,-0.7506,NEGATIVE
2024-12-22,0.7319,POSITIVE
2024-12-20,-0.3818,NEGATIVE
2024-12-25,-0.8834,NEGATIVE
2024-12-18,0.4019,POSITIVE
2024-12-09,-0.6408,NEGATIVE
2024-12-29,-0.2168,NEGATIVE
2024-12-29,0.6114,POSITIVE
2024-12-18,0.2924,POSITIVE
2024-12-28,-0.2732,NEGATIVE
2024-12-30,-0.7717,NEGATIVE
2024-12-17,0.1139,POSITIVE
2024-12-29,0.0,NEUTRAL
2024-12-20,0.1496,POSITIVE
2024-12-03,0.4678,POSITIVE
2024-12-21,-0.5994,NEGATIVE
2024-12-25,0.0,NEUTRAL
2024-12-26,0.6249,POSITIVE
2024-12-14,-0.5994,NEGATIVE
2024-12-21,0.0,NEUTRAL
2024-12-23,0.7542,POSITIVE
2024-12-21,0.0,NEUTRAL
2024-12-04,-0.4391,NEGATIVE
2024-12-23,-0.9831,NEGATIVE
2024-12-04,0.3182,POSITIVE
2024-12-28,0.677,POSITIVE
2024-12-09,0.0,NEUTRAL
2024-12-20,-0.5574,NEGATIVE
2024-12-04,0.7907,POSITIVE
2024-12-23,0.3612,POSITIVE
2024-12-11,0.0,NEUTRAL
2024-12-22,0.4552,POSITIVE
2024-12-20,-0.1313,NEGATIVE
2024-12-28,0.7783,POSITIVE
2024-12-12,-0.0772,NEGATIVE
2024-12-18,0.7311,POSITIVE
2024-12-19,-0.6476,NEGATIVE
2024-12-21,0.9885,POSITIVE
2024-12-09,0.0,NEUTRAL
2024-12-02,0.128,POSITIVE
2024-12-05,0.9553,POSITIVE
2024-12-09,0.0,NEUTRAL
2024-12-02,0.0,NEUTRAL
2024-12-08,-0.4939,NEGATIVE
2024-12-25,0.7311,POSITIVE
2024-12-18,0.9358,POSITIVE
2024-12-19,-0.1351,NEGATIVE
2024-12-30,-0.3818,NEGATIVE
2024-12-17,0.3806,POSITIVE
2024-12-12,-0.8176,NEGATIVE
2024-12-15,-0.8646,NEGATIVE
2024-12-12,-0.6665,NEGATIVE
2024-12-21,0.4215,POSITIVE
2024-12-03,0.3612,POSITIVE
2024-12-20,0.0834,POSITIVE
2024-12-19,0.0,NEUTRAL
2024-12-17,0.8557,POSITIVE
2024-12-30,-0.8532,NEGATIVE
2024-12-28,-0.4289,NEGATIVE
2024-12-21,0.5719,POSITIVE
2024-12-25,-0.0495,NEUTRAL
2024-12-29,-0.296,NEGATIVE
2024-12-01,0.4939,POSITIVE
2024-12-16,0.0,NEUTRAL
2024-12-20,0.0,NEUTRAL
2024-12-26,0.4215,POSITIVE
2024-12-19,0.0,NEUTRAL
2024-12-27,0.4285,POSITIVE
2024-12-20,0.0,NEUTRAL
2024-12-20,0.6908,POSITIVE
2024-12-17,-0.9093,NEGATIVE
2024-12-26,-0.1027,NEGATIVE
2024-12-22,-0.8885,NEGATIVE
2024-12-20,0.6597,POSITIVE
2024-12-27,0.3291,POSITIVE
2024-12-19,-0.5423,NEGATIVE
2024-12-21,0.8955,POSITIVE
2024-12-28,0.4475,POSITIVE
2024-12-20,-0.9106,NEGATIVE
2024-12-28,-0.4215,NEGATIVE
2024-12-19,0.0,NEUTRAL
2024-12-09,0.25,POSITIVE
2024-12-01,0.0,NEUTRAL
2024-12-05,0.2617,POSITIVE
2024-12-07,0.5095,POSITIVE
2024-12-03,0.6369,POSITIVE
2024-12-20,-0.4767,NEGATIVE
2024-12-20,0.0,NEUTRAL
2024-12-18,0.4678,POSITIVE
2024-12-05,0.0,NEUTRAL
2024-12-23,-0.3944,NEGATIVE
2024-12-20,0.8074,POSITIVE
2024-12-28,-0.9169,NEGATIVE
2024-12-28,-0.9731,NEGATIVE
2024-12-03,0.0,NEUTRAL
2024-12-12,0.4854,POSITIVE
2024-12-05,0.2732,POSITIVE
2024-12-14,0.8663,POSITIVE
2024-12-08,0.6249,POSITIVE
2024-12-06,0.0,NEUTRAL
2024-12-02,0.5927,POSITIVE
2024-12-10,0.3182,POSITIVE
2024-12-16,0.8522,POSITIVE
2024-12-30,0.2732,POSITIVE
2024-12-15,-0.2411,NEGATIVE
2024-12-11,0.8393,POSITIVE
2024-12-21,-0.7177,NEGATIVE
2024-12-20,-0.0387,NEUTRAL
2024-12-17,0.6808,POSITIVE
2024-12-27,0.1901,POSITIVE
2024-12-26,0.0,NEUTRAL
2024-12-30,-0.1306,NEGATIVE
2024-12-08,0.0,NEUTRAL
2024-12-27,0.8986,POSITIVE
2024-12-11,0.4926,POSITIVE
2024-12-28,0.0,NEUTRAL
2024-12-10,0.4939,POSITIVE
2024-12-20,0.9077,POSITIVE
2024-12-06,0.0,NEUTRAL
2024-12-07,-0.9102,NEGATIVE
2024-12-27,-0.7746,NEGATIVE
2024-12-27,0.0,NEUTRAL
2024-12-05,-0.3566,NEGATIVE
2024-12-23,0.743,POSITIVE
2024-12-18,0.7975,POSITIVE
2024-11-30,-0.1531,NEGATIVE
2024-12-30,0.2023,POSITIVE
2024-12-19,-0.6739,NEGATIVE
2024-12-17,0.3818,POSITIVE
2024-12-03,0.4939,POSITIVE
2024-12-16,-0.8934,NEGATIVE
2024-12-27,0.0516,POSITIVE
2024-12-03,0.6369,POSITIVE
2024-12-25,0.0,NEUTRAL
2024-12-18,0.9136,POSITIVE
2024-12-21,0.9022,POSITIVE
2024-12-16,0.0,NEUTRAL
2024-12-10,-0.9053,NEGATIVE
2024-12-13,0.0,NEUTRAL
2024-12-23,-0.5859,NEGATIVE
2024-12-21,0.4404,POSITIVE
2024-12-06,-0.2732,NEGATIVE
2024-12-23,0.3182,POSITIVE
2024-12-22,-0.8333,NEGATIVE
2024-12-20,0.2263,POSITIVE
2024-12-05,-0.7506,NEGATIVE
2024-12-27,0.2235,POSITIVE
2024-12-01,0.0,NEUTRAL
2024-12-18,0.8772,POSITIVE
2024-12-21,0.6597,POSITIVE
2024-12-12,-0.0516,NEGATIVE
2024-12-26,0.8712,POSITIVE
2024-12-29,0.0,NEUTRAL
2024-12-20,-0.1779,NEGATIVE
2024-12-27,-0.8912,NEGATIVE
2024-12-28,0.4284,POSITIVE
2024-12-02,0.7979,POSITIVE
2024-12-20,0.5023,POSITIVE
2024-12-10,0.3182,POSITIVE
2024-12-29,-0.9197,NEGATIVE
2024-12-26,0.0,NEUTRAL
2024-12-03,0.9785,POSITIVE
2024-12-29,0.6705,POSITIVE
2024-12-16,-0.8147,NEGATIVE
2024-12-16,0.3983,POSITIVE
2024-12-05,0.4627,POSITIVE
2024-12-01,0.0,NEUTRAL
2024-12-23,-0.5759,NEGATIVE
2024-12-20,0.34,POSITIVE
2024-12-15,0.0,NEUTRAL
2024-12-23,0.4019,POSITIVE
2024-12-28,0.9338,POSITIVE
2024-12-01,0.0,NEUTRAL
2024-12-26,-0.0191,NEUTRAL
2024-12-22,0.8462,POSITIVE
2024-12-29,0.9589,POSITIVE
2024-12-05,0.8919,POSITIVE
2024-12-16,0.0258,NEUTRAL
2024-12-17,0.2492,POSITIVE
2024-12-19,0.0258,NEUTRAL
2024-12-23,-0.2263,NEGATIVE
2024-12-01,-0.9846,NEGATIVE
2024-12-11,-0.6597,NEGATIVE
2024-12-19,0.6808,POSITIVE
2024-12-27,0.4404,POSITIVE
2024-12-24,-0.765,NEGATIVE
2024-12-01,0.486,POSITIVE
2024-12-27,-0.3182,NEGATIVE
2024-12-04,-0.34,NEGATIVE
2024-11-30,-0.2292,NEGATIVE
2024-12-09,0.6124,POSITIVE
2024-12-30,0.3182,POSITIVE
2024-12-19,-0.8074,NEGATIVE
2024-12-21,-0.2202,NEGATIVE
2024-12-01,0.9303,POSITIVE
2024-12-23,-0.7672,NEGATIVE
2024-12-04,-0.5302,NEGATIVE
2024-12-14,0.8402,POSITIVE
2024-12-22,-0.0026,NEUTRAL
2024-12-23,0.0,NEUTRAL
2024-12-26,0.2023,POSITIVE
2024-12-03,-0.9479,NEGATIVE
2024-12-29,0.34,POSITIVE
2024-12-21,0.8191,POSITIVE
2024-12-13,-0.3818,NEGATIVE
2024-12-29,-0.0772,NEGATIVE
2024-12-28,-0.5574,NEGATIVE
2024-12-05,-0.932,NEGATIVE
2024-12-04,-0.9129,NEGATIVE
2024-12-05,-0.7379,NEGATIVE
2024-12-22,0.7402,POSITIVE
2024-12-21,0.0,NEUTRAL
2024-12-11,0.9669,POSITIVE
2024-12-08,0.0,NEUTRAL
2024-12-28,0.8658,POSITIVE
2024-12-17,0.9489,POSITIVE
2024-12-10,-0.9215,NEGATIVE
2024-11-30,-0.8555,NEGATIVE
2024-12-05,0.1027,POSITIVE
2024-12-27,0.9792,POSITIVE
2024-12-09,-0.9357,NEGATIVE
2024-12-19,0.0,NEUTRAL
2024-12-27,-0.2141,NEGATIVE
2024-12-29,0.0,NEUTRAL
2024-12-12,0.7964,POSITIVE
2024-12-27,-0.6954,NEGATIVE
2024-12-26,0.0,NEUTRAL
2024-12-29,-0.9115,NEGATIVE
2024-12-17,0.997,POSITIVE
2024-12-29,0.0,NEUTRAL
2024-12-05,0.4215,POSITIVE
2024-12-19,0.4215,POSITIVE
2024-12-23,0.0,NEUTRAL
2024-12-29,0.9322,POSITIVE
2024-12-27,0.1505,POSITIVE
2024-12-21,0.4215,POSITIVE
2024-12-19,-0.8588,NEGATIVE
2024-12-28,0.966,POSITIVE
2024-12-15,-0.34,NEGATIVE
2024-12-22,0.0,NEUTRAL
2024-12-18,0.899,POSITIVE
2024-12-19,-0.8225,NEGATIVE
2024-12-14,-0.6124,NEGATIVE
2024-12-28,0.6588,POSITIVE
2024-12-20,0.2263,POSITIVE
2024-12-27,0.9393,POSITIVE
2024-12-24,-0.4767,NEGATIVE
2024-12-27,0.0,NEUTRAL
2024-12-04,-0.1793,NEGATIVE
2024-12-04,0.1027,POSITIVE
2024-12-20,0.9634,POSITIVE
2024-12-20,0.5719,POSITIVE
2024-12-27,0.9984,POSITIVE
2024-12-20,0.5709,POSITIVE
2024-12-03,-0.8388,NEGATIVE
2024-12-28,0.0,NEUTRAL
2024-12-02,0.0,NEUTRAL
2024-11-30,0.7778,POSITIVE
2024-12-02,-0.3182,NEGATIVE
2024-12-03,0.3612,POSITIVE
2024-12-24,-0.1027,NEGATIVE
2024-12-22,-0.8591,NEGATIVE
2024-12-10,-0.7579,NEGATIVE
2024-12-13,0.3818,POSITIVE
2024-12-15,0.0577,POSITIVE
2024-12-15,0.0,NEUTRAL
2024-12-22,0.0,NEUTRAL
2024-12-11,0.0,NEUTRAL
2024-12-21,0.0,NEUTRAL
2024-12-22,0.6096,POSITIVE
2024-12-22,-0.7003,NEGATIVE
2024-12-19,0.0,NEUTRAL
2024-12-03,0.296,POSITIVE
2024-12-28,0.6597,POSITIVE
2024-12-03,0.3947,POSITIVE
2024-12-05,-0.1027,NEGATIVE
2024-12-04,0.34,POSITIVE
2024-12-15,0.0,NEUTRAL
2024-12-28,0.4215,POSITIVE
2024-12-01,-0.1779,NEGATIVE
2024-12-28,-0.1027,NEGATIVE
2024-12-25,0.25,POSITIVE
2024-12-20,0.1531,POSITIVE
2024-12-08,0.0,NEUTRAL
2024-12-27,-0.6985,NEGATIVE
2024-12-11,0.5859,POSITIVE
2024-12-25,0.9041,POSITIVE
2024-12-19,-0.4005,NEGATIVE
2024-12-27,0.2732,POSITIVE
2024-12-30,0.1531,POSITIVE
2024-12-30,0.4696,POSITIVE
2024-12-20,0.7089,POSITIVE
2024-12-18,0.6369,POSITIVE
2024-12-30,-0.772,NEGATIVE
2024-12-27,-0.3089,NEGATIVE
2024-12-26,-0.7269,NEGATIVE
2024-12-25,0.5859,POSITIVE
2024-12-26,0.5684,POSITIVE
2024-12-27,0.0,NEUTRAL
2024-12-21,-0.9333,NEGATIVE
2024-12-11,-0.4215,NEGATIVE
2024-12-11,-0.636,NEGATIVE
2024-12-11,-0.2716,NEGATIVE
2024-12-26,-0.128,NEGATIVE
2024-12-01,0.25,POSITIVE
2024-12-03,0.7096,POSITIVE
2024-12-20,0.2411,POSITIVE
2024-12-24,-0.2382,NEGATIVE
2024-12-29,0.5473,POSITIVE
2024-12-21,0.8402,POSITIVE
2024-12-10,0.3182,POSITIVE
2024-12-01,-0.6765,NEGATIVE
2024-12-28,0.0,NEUTRAL
2024-12-16,0.0,NEUTRAL
2024-11-30,0.5994,POSITIVE
2024-12-29,0.8708,POSITIVE
2024-12-28,0.6542,POSITIVE
2024-12-03,0.2023,POSITIVE
2024-12-03,-0.844,NEGATIVE
2024-12-22,-0.3818,NEGATIVE
2024-12-05,-0.9303,NEGATIVE
2024-12-04,-0.3182,NEGATIVE
2024-12-01,0.7661,POSITIVE
2024-12-19,0.3612,POSITIVE
2024-12-13,-0.5499,NEGATIVE
2024-12-28,0.8225,POSITIVE
2024-12-21,-0.0644,NEGATIVE
2024-12-27,-0.4872,NEGATIVE
2024-12-10,0.8561,POSITIVE
2024-12-29,0.2724,POSITIVE
2024-12-09,-0.1263,NEGATIVE
2024-12-17,0.4678,POSITIVE
2024-12-07,0.5513,POSITIVE
2024-12-09,0.4215,POSITIVE
2024-12-01,0.0,NEUTRAL
2024-12-14,-0.128,NEGATIVE
2024-12-14,0.0,NEUTRAL
2024-12-23,-0.8383,NEGATIVE
2024-12-12,0.9201,POSITIVE
2024-12-21,-0.5719,NEGATIVE
2024-12-19,-0.5106,NEGATIVE
2024-12-03,0.2263,POSITIVE
2024-12-08,-0.8074,NEGATIVE
2024-12-20,0.0,NEUTRAL
2024-12-16,0.0,NEUTRAL
2024-12-15,0.9419,POSITIVE
2024-12-01,0.8522,POSITIVE
2024-12-02,0.4767,POSITIVE
2024-12-06,-0.4767,NEGATIVE
2024-12-14,0.0,NEUTRAL
2024-12-26,0.0,NEUTRAL
2024-12-22,0.3182,POSITIVE
2024-12-16,-0.4019,NEGATIVE
2024-12-26,0.0,NEUTRAL
2024-12-26,0.6486,POSITIVE
2024-12-28,0.0,NEUTRAL
2024-12-17,0.4155,POSITIVE
2024-12-22,-0.4939,NEGATIVE
2024-12-28,-0.7193,NEGATIVE
2024-12-27,0.7964,POSITIVE
2024-12-23,0.1406,POSITIVE
2024-12-29,0.296,POSITIVE
2024-12-21,-0.1877,NEGATIVE
2024-12-10,0.4039,POSITIVE
2024-12-27,0.5719,POSITIVE
2024-12-06,0.0,NEUTRAL
2024-12-19,0.0,NEUTRAL
2024-12-02,0.4717,POSITIVE
2024-12-30,0.1511,POSITIVE
2024-12-27,0.5574,POSITIVE
2024-12-29,-0.25,NEGATIVE
2024-12-17,-0.2869,NEGATIVE
2024-12-13,0.0516,POSITIVE
2024-12-19,0.0,NEUTRAL
2024-12-06,0.0,NEUTRAL
2024-12-26,-0.0516,NEGATIVE
2024-12-06,0.8588,POSITIVE
2024-12-24,0.296,POSITIVE
2024-12-20,0.8734,POSITIVE
2024-12-04,-0.7269,NEGATIVE
2024-12-16,-0.6778,NEGATIVE
2024-12-20,-0.1531,NEGATIVE
2024-12-11,-0.8632,NEGATIVE
2024-12-13,-0.9896,NEGATIVE
2024-12-19,0.0,NEUTRAL
2024-12-26,0.6369,POSITIVE
2024-12-24,0.0,NEUTRAL
2024-12-05,-0.3612,NEGATIVE
2024-12-22,-0.7096,NEGATIVE
2024-12-20,0.7096,POSITIVE
2024-12-17,0.0,NEUTRAL
2024-12-28,-0.6908,NEGATIVE
2024-12-27,0.7912,POSITIVE
2024-12-20,0.0,NEUTRAL
2024-12-07,0.4404,POSITIVE
2024-12-19,0.1102,POSITIVE
2024-12-02,0.0,NEUTRAL
2024-12-21,0.6369,POSITIVE
2024-12-01,0.4767,POSITIVE
2024-12-04,0.0,NEUTRAL
2024-12-26,-0.8214,NEGATIVE
2024-12-26,-0.4767,NEGATIVE
2024-12-10,0.0,NEUTRAL
2024-12-19,-0.4703,NEGATIVE
2024-12-09,0.3071,POSITIVE
2024-12-16,0.9054,POSITIVE
2024-12-28,0.0,NEUTRAL
2024-12-28,-0.6615,NEGATIVE
2024-12-16,0.6236,POSITIVE
2024-12-03,0.7959,POSITIVE
2024-12-13,0.2714,POSITIVE
2024-12-09,0.7096,POSITIVE
2024-12-01,-0.5574,NEGATIVE
2024-12-26,-0.34,NEGATIVE
2024-12-22,-0.3818,NEGATIVE
2024-12-26,-0.7262,NEGATIVE
2024-12-20,-0.3527,NEGATIVE
2024-12-27,-0.2244,NEGATIVE
2024-12-03,0.9951,POSITIVE
2024-12-20,0.7901,POSITIVE
2024-12-16,0.9767,POSITIVE
2024-12-04,-0.3915,NEGATIVE
2024-12-13,-0.4228,NEGATIVE
2024-12-20,0.0,NEUTRAL
2024-12-24,0.2411,POSITIVE
2024-12-23,0.0,NEUTRAL
2024-12-22,-0.4767,NEGATIVE
2024-12-13,0.0,NEUTRAL
2024-12-28,0.0,NEUTRAL
2024-12-27,-0.8313,NEGATIVE
2024-12-18,0.0,NEUTRAL
2024-12-29,0.5106,POSITIVE
2024-12-19,0.3818,POSITIVE
2024-12-03,0.296,POSITIVE
2024-12-04,0.631,POSITIVE
2024-12-10,-0.0,NEUTRAL
2024-12-04,0.7184,POSITIVE
2024-12-22,0.0,NEUTRAL
2024-12-02,0.3182,POSITIVE
2024-12-16,0.1779,POSITIVE
2024-12-28,-0.4526,NEGATIVE
2024-12-10,0.0,NEUTRAL
2024-12-27,0.8807,POSITIVE
2024-12-19,0.4019,POSITIVE
2024-12-21,0.0,NEUTRAL
2024-12-05,0.0,NEUTRAL
2024-12-25,-0.0772,NEGATIVE
2024-11-30,0.0,NEUTRAL
2024-12-01,0.0,NEUTRAL
2024-12-14,0.872,POSITIVE
2024-12-25,0.0,NEUTRAL
2024-12-16,0.6249,POSITIVE
2024-12-19,0.296,POSITIVE
2024-12-12,0.9727,POSITIVE
2024-12-29,0.754,POSITIVE
2024-12-24,0.0243,NEUTRAL
2024-12-16,0.168,POSITIVE
2024-12-17,0.5255,POSITIVE
2024-12-03,0.7992,POSITIVE
2024-12-29,0.2023,POSITIVE
2024-12-19,0.0,NEUTRAL
2024-12-28,-0.4143,NEGATIVE
2024-12-23,-0.9596,NEGATIVE
2024-12-25,0.6705,POSITIVE
2024-12-22,-0.296,NEGATIVE
2024-12-03,0.9204,POSITIVE
2024-12-01,0.9249,POSITIVE
2024-12-11,0.8418,POSITIVE
2024-12-26,-0.4215,NEGATIVE
2024-12-03,-0.4094,NEGATIVE
2024-12-22,-0.3612,NEGATIVE
2024-12-29,-0.7277,NEGATIVE
2024-12-27,0.4329,POSITIVE
2024-12-19,-0.8573,NEGATIVE
2024-12-27,-0.4588,NEGATIVE
2024-12-15,0.0,NEUTRAL
2024-12-12,0.0,NEUTRAL
2024-12-26,-0.6767,NEGATIVE
2024-12-20,-0.2263,NEGATIVE
2024-12-18,-0.4215,NEGATIVE
2024-12-12,0.0516,POSITIVE
2024-12-18,0.7783,POSITIVE
2024-12-18,0.0,NEUTRAL
2024-11-30,-0.2732,NEGATIVE
2024-12-19,0.0,NEUTRAL
2024-12-21,-0.34,NEGATIVE
2024-12-30,-0.4404,NEGATIVE
2024-12-23,0.9724,POSITIVE
2024-12-14,0.0,NEUTRAL
2024-12-07,0.0,NEUTRAL
2024-12-05,0.2732,POSITIVE
2024-12-18,0.9867,POSITIVE
2024-12-11,-0.4215,NEGATIVE
2024-12-11,0.25,POSITIVE
2024-12-17,0.7751,POSITIVE
2024-12-29,-0.4019,NEGATIVE
2024-12-20,-0.6036,NEGATIVE
2024-12-16,-0.8636,NEGATIVE
2024-12-23,0.9244,POSITIVE
2024-12-27,0.8488,POSITIVE
2024-12-26,0.7094,POSITIVE
2024-12-14,-0.7874,NEGATIVE
2024-12-17,0.8225,POSITIVE
2024-12-28,0.0,NEUTRAL
2024-12-21,-0.9969,NEGATIVE
2024-12-13,-0.8225,NEGATIVE
2024-12-27,-0.845,NEGATIVE
2024-12-16,0.877,POSITIVE
2024-12-22,-0.0258,NEUTRAL
2024-12-20,-0.296,NEGATIVE
2024-12-21,0.25,POSITIVE
2024-12-17,0.0,NEUTRAL
2024-12-23,-0.34,NEGATIVE
2024-12-01,0.0387,NEUTRAL
2024-12-09,0.0,NEUTRAL
2024-12-28,-0.4738,NEGATIVE
2024-12-21,0.0,NEUTRAL
2024-12-24,0.9618,POSITIVE
2024-12-21,0.8402,POSITIVE
2024-12-12,0.0,NEUTRAL
2024-12-06,-0.8555,NEGATIVE
2024-12-16,0.7277,POSITIVE
2024-12-24,0.3182,POSITIVE
2024-12-09,-0.4767,NEGATIVE
2024-12-03,-0.1796,NEGATIVE
2024-12-14,-0.6154,NEGATIVE
2024-12-15,0.9719,POSITIVE
2024-12-12,0.5106,POSITIVE
2024-12-19,-0.4019,NEGATIVE
2024-12-27,0.3612,POSITIVE
2024-12-30,-0.5859,NEGATIVE
2024-12-30,-0.8191,NEGATIVE
2024-12-19,0.9382,POSITIVE
2024-12-26,0.7572,POSITIVE
2024-12-29,0.34,POSITIVE
2024-12-02,0.0,NEUTRAL
2024-12-26,0.765,POSITIVE
2024-12-13,-0.6324,NEGATIVE
2024-12-09,-0.1717,NEGATIVE
2024-12-20,0.0,NEUTRAL
2024-12-24,-0.5405,NEGATIVE
2024-12-21,0.9401,POSITIVE
2024-12-18,0.0,NEUTRAL
2024-12-06,0.6666,POSITIVE
2024-12-20,-0.3716,NEGATIVE
2024-12-01,-0.673,NEGATIVE
2024-12-21,0.5574,POSITIVE
2024-12-29,0.8807,POSITIVE
2024-12-19,-0.4767,NEGATIVE
2024-12-19,0.0,NEUTRAL
2024-12-06,-0.7096,NEGATIVE
2024-12-27,0.8522,POSITIVE
2024-12-16,0.0,NEUTRAL
2024-12-20,0.7588,POSITIVE
2024-12-20,0.3182,POSITIVE
2024-12-12,-0.5574,NEGATIVE
2024-12-02,0.4318,POSITIVE
2024-12-01,-0.5994,NEGATIVE
2024-12-28,-0.6951,NEGATIVE
2024-12-28,-0.8489,NEGATIVE
2024-12-08,0.7845,POSITIVE
2024-12-06,-0.128,NEGATIVE
2024-12-17,0.0,NEUTRAL
2024-12-02,0.5407,POSITIVE
2024-12-03,0.9155,POSITIVE
2024-12-23,-0.0258,NEUTRAL
2024-12-03,0.1606,POSITIVE
2024-12-29,0.6705,POSITIVE
2024-12-20,0.8511,POSITIVE
2024-12-16,-0.5913,NEGATIVE
2024-12-25,0.5859,POSITIVE
2024-12-14,-0.8625,NEGATIVE
2024-12-28,0.8705,POSITIVE
2024-12-24,0.0,NEUTRAL
2024-12-03,0.746,POSITIVE
2024-12-15,-0.6486,NEGATIVE
2024-12-04,0.2439,POSITIVE
2024-12-20,-0.7845,NEGATIVE
2024-12-15,0.8478,POSITIVE
2024-12-28,0.0,NEUTRAL
2024-12-19,0.0,NEUTRAL
2024-12-27,0.34,POSITIVE
2024-12-16,0.0,NEUTRAL
2024-12-25,0.0,NEUTRAL
2024-12-22,0.0,NEUTRAL
2024-12-02,0.9099,POSITIVE
2024-12-22,0.0,NEUTRAL
2024-12-10,-0.4939,NEGATIVE
2024-12-26,0.4654,POSITIVE
2024-12-06,0.0,NEUTRAL
2024-12-13,-0.8807,NEGATIVE
2024-12-20,-0.7845,NEGATIVE
2024-12-17,-0.34,NEGATIVE
2024-12-21,-0.471,NEGATIVE
2024-12-28,0.2812,POSITIVE
2024-12-13,0.7579,POSITIVE
2024-12-20,0.0,NEUTRAL
2024-12-18,0.1461,POSITIVE
2024-12-27,-0.2023,NEGATIVE
2024-12-20,-0.6808,NEGATIVE
2024-12-11,-0.5267,NEGATIVE
2024-12-15,0.0,NEUTRAL
2024-12-28,0.4939,POSITIVE
2024-12-24,-0.5267,NEGATIVE
2024-12-05,0.0,NEUTRAL
2024-12-01,0.5423,POSITIVE
2024-12-29,0.4939,POSITIVE
2024-12-26,-0.2846,NEGATIVE
2024-12-13,0.34,POSITIVE
2024-12-29,0.9906,POSITIVE
2024-12-27,0.4824,POSITIVE
2024-12-10,0.6369,POSITIVE
2024-12-18,0.1419,POSITIVE
2024-12-15,0.3182,POSITIVE
2024-12-23,0.7351,POSITIVE
2024-12-22,0.765,POSITIVE
2024-12-11,-0.7351,NEGATIVE
2024-12-14,0.6808,POSITIVE
2024-12-14,0.0,NEUTRAL
2024-12-12,0.2194,POSITIVE
2024-12-27,-0.5423,NEGATIVE
2024-12-27,0.3182,POSITIVE
2024-12-09,0.0,NEUTRAL
2024-12-29,0.7269,POSITIVE
2024-12-03,0.0,NEUTRAL
2024-12-17,0.5392,POSITIVE
2024-12-01,0.2732,POSITIVE
2024-12-23,-0.2263,NEGATIVE
2024-12-06,0.4588,POSITIVE
2024-12-26,0.5423,POSITIVE
2024-11-30,0.7071,POSITIVE
2024-12-27,0.7984,POSITIVE
2024-12-19,0.8356,POSITIVE
2024-12-06,0.4144,POSITIVE
2024-12-28,0.796,POSITIVE
2024-12-28,-0.0,NEUTRAL
2024-12-02,-0.6652,NEGATIVE
2024-12-30,-0.2263,NEGATIVE
2024-12-12,-0.0009,NEUTRAL
2024-12-14,-0.8704,NEGATIVE
2024-12-29,0.2776,POSITIVE
2024-12-20,-0.8807,NEGATIVE
2024-12-20,0.0,NEUTRAL
2024-12-21,0.743,POSITIVE
2024-12-09,0.8613,POSITIVE
2024-12-08,-0.8532,NEGATIVE
2024-12-29,-0.3182,NEGATIVE
2024-12-06,-0.3182,NEGATIVE
2024-12-30,-0.0354,NEUTRAL
2024-12-13,0.2593,POSITIVE
2024-12-10,0.6808,POSITIVE
2024-12-07,0.9203,POSITIVE
2024-12-30,0.0,NEUTRAL
2024-12-20,0.5766,POSITIVE
2024-12-13,-0.5857,NEGATIVE
2024-12-26,-0.8779,NEGATIVE
2024-12-26,-0.1486,NEGATIVE
2024-12-14,0.4939,POSITIVE
2024-12-29,0.7264,POSITIVE
2024-12-21,-0.7964,NEGATIVE
2024-12-18,0.631,POSITIVE
2024-12-22,-0.1025,NEGATIVE
2024-12-13,0.7845,POSITIVE
2024-12-28,0.7808,POSITIVE
2024-12-11,0.0,NEUTRAL
2024-12-23,0.9081,POSITIVE
2024-12-14,0.1007,POSITIVE
2024-12-27,0.6369,POSITIVE
2024-12-11,0.0,NEUTRAL
2024-12-09,-0.3612,NEGATIVE
2024-12-28,0.0,NEUTRAL
2024-12-17,0.7747,POSITIVE
2024-11-30,0.6597,POSITIVE
2024-12-20,0.6961,POSITIVE
2024-12-29,-0.5122,NEGATIVE
2024-12-29,-0.656,NEGATIVE
2024-12-21,0.0,NEUTRAL
2024-12-18,-0.4349,NEGATIVE
2024-12-09,-0.9834,NEGATIVE
2024-12-28,-0.25,NEGATIVE
2024-12-20,0.3818,POSITIVE
2024-12-23,-0.8271,NEGATIVE
2024-12-28,0.8615,POSITIVE
2024-12-11,0.5574,POSITIVE
2024-12-02,0.25,POSITIVE
2024-12-12,0.4019,POSITIVE
2024-12-28,0.0,NEUTRAL
2024-12-04,0.2263,POSITIVE
2024-12-29,-0.5171,NEGATIVE
2024-12-27,0.891,POSITIVE
2024-12-11,-0.7245,NEGATIVE
2024-12-21,0.9588,POSITIVE
2024-12-19,-0.5873,NEGATIVE
2024-12-02,0.4404,POSITIVE
2024-12-03,-0.3004,NEGATIVE
2024-12-12,0.3182,POSITIVE
2024-12-19,-0.5106,NEGATIVE
2024-12-20,-0.7089,NEGATIVE
2024-11-30,-0.0258,NEUTRAL
2024-12-11,0.0,NEUTRAL
2024-12-21,0.25,POSITIVE
2024-12-12,0.6487,POSITIVE
2024-12-22,0.9835,POSITIVE
2024-12-07,0.0,NEUTRAL
2024-12-23,0.5106,POSITIVE
2024-12-23,-0.0683,NEGATIVE
2024-12-16,0.4019,POSITIVE
2024-12-26,-0.5023,NEGATIVE
2024-12-04,0.6369,POSITIVE
2024-12-09,0.9259,POSITIVE
2024-12-12,0.8824,POSITIVE
2024-12-28,-0.1717,NEGATIVE
2024-12-01,-0.2716,NEGATIVE
2024-12-19,0.7579,POSITIVE
2024-12-27,0.7351,POSITIVE
2024-12-07,-0.5267,NEGATIVE
2024-12-11,-0.4767,NEGATIVE
2024-12-09,-0.6121,NEGATIVE
2024-12-28,-0.1779,NEGATIVE
2024-12-22,-0.7689,NEGATIVE
2024-12-27,-0.9624,NEGATIVE
2024-12-09,0.7975,POSITIVE
2024-12-23,0.0,NEUTRAL
2024-12-21,0.34,POSITIVE
2024-12-03,-0.296,NEGATIVE
2024-12-03,0.2732,POSITIVE
2024-12-14,0.4767,POSITIVE
2024-12-27,0.75,POSITIVE
2024-12-08,0.8331,POSITIVE
2024-12-25,0.0,NEUTRAL
2024-12-21,-0.2263,NEGATIVE
2024-12-25,0.0,NEUTRAL
2024-12-07,0.6369,POSITIVE
2024-12-01,0.0516,POSITIVE
2024-12-11,-0.4019,NEGATIVE
2024-12-10,-0.7155,NEGATIVE
2024-12-02,-0.9801,NEGATIVE
2024-12-20,0.3089,POSITIVE
2024-12-11,0.0516,POSITIVE
2024-12-28,0.6808,POSITIVE
2024-12-11,0.8442,POSITIVE
2024-12-29,0.9479,POSITIVE
2024-12-19,0.0,NEUTRAL
2024-12-07,0.0,NEUTRAL
2024-12-15,0.9688,POSITIVE
2024-12-03,0.9678,POSITIVE
2024-12-27,-0.2315,NEGATIVE
2024-12-09,0.0,NEUTRAL
2024-12-22,-0.5583,NEGATIVE
2024-12-13,0.8266,POSITIVE
2024-12-03,-0.7157,NEGATIVE
2024-12-10,0.5574,POSITIVE
2024-12-02,-0.8664,NEGATIVE
2024-12-21,0.5628,POSITIVE
2024-12-19,-0.5267,NEGATIVE
2024-12-21,0.3182,POSITIVE
2024-12-23,-0.2732,NEGATIVE
2024-12-03,0.9231,POSITIVE
2024-12-28,0.4404,POSITIVE
2024-12-21,-0.631,NEGATIVE
2024-12-13,0.6767,POSITIVE
2024-12-02,-0.128,NEGATIVE
2024-12-10,0.9022,POSITIVE
2024-12-11,0.7184,POSITIVE
2024-12-30,0.7263,POSITIVE
2024-12-22,-0.441,NEGATIVE
2024-12-28,-0.8876,NEGATIVE
2024-12-13,0.0,NEUTRAL
2024-12-12,0.6073,POSITIVE
2024-12-15,0.9488,POSITIVE
2024-12-06,-0.4588,NEGATIVE
2024-12-20,-0.34,NEGATIVE
2024-12-11,0.8516,POSITIVE
2024-12-22,0.0601,POSITIVE
2024-12-08,0.8051,POSITIVE
2024-12-27,0.8866,POSITIVE
2024-12-10,0.6597,POSITIVE
2024-12-23,-0.0572,NEGATIVE
2024-12-01,-0.959,NEGATIVE
2024-12-23,-0.4404,NEGATIVE
2024-12-15,-0.6997,NEGATIVE
2024-12-30,0.0,NEUTRAL
2024-11-30,-0.0258,NEUTRAL
2024-12-20,0.0,NEUTRAL
2024-12-16,-0.875,NEGATIVE
2024-12-12,-0.2732,NEGATIVE
2024-12-10,0.6428,POSITIVE
2024-12-19,0.0,NEUTRAL
2024-12-16,0.5411,POSITIVE
2024-12-13,-0.0258,NEUTRAL
2024-12-06,0.4678,POSITIVE
2024-12-17,0.5461,POSITIVE
2024-12-28,-0.4472,NEGATIVE
2024-12-22,-0.5719,NEGATIVE
2024-12-03,-0.8428,NEGATIVE
2024-12-20,0.93,POSITIVE
2024-12-11,0.2585,POSITIVE
2024-12-22,0.1779,POSITIVE
2024-12-11,0.296,POSITIVE
2024-12-26,0.8759,POSITIVE
2024-12-05,0.2617,POSITIVE
2024-12-14,0.5574,POSITIVE
2024-12-21,-0.6705,NEGATIVE
2024-12-21,0.0,NEUTRAL
2024-12-04,-0.34,NEGATIVE
2024-12-26,0.9659,POSITIVE
2024-12-03,0.4404,POSITIVE
2024-12-28,-0.1027,NEGATIVE
2024-12-26,-0.8481,NEGATIVE
2024-12-04,-0.5355,NEGATIVE
2024-12-24,0.6705,POSITIVE
2024-12-25,0.0,NEUTRAL
2024-12-16,0.4782,POSITIVE
2024-12-05,0.7003,POSITIVE
2024-12-02,0.8192,POSITIVE
2024-12-21,0.0,NEUTRAL
2024-12-26,0.0,NEUTRAL
2024-12-01,-0.296,NEGATIVE
2024-12-29,-0.5106,NEGATIVE
2024-12-26,-0.5574,NEGATIVE
2024-12-17,0.0,NEUTRAL
2024-12-13,0.0,NEUTRAL
2024-12-01,-0.6458,NEGATIVE
2024-12-02,0.9705,POSITIVE
2024-12-22,-0.5722,NEGATIVE
2024-12-19,0.7559,POSITIVE
2024-12-20,0.0,NEUTRAL
2024-12-29,0.0,NEUTRAL
2024-12-07,-0.9688,NEGATIVE
2024-12-10,0.9643,POSITIVE
2024-12-09,0.0,NEUTRAL
2024-12-10,0.6124,POSITIVE
2024-12-01,0.0258,NEUTRAL
2024-12-13,0.0,NEUTRAL
2024-12-12,0.6526,POSITIVE
2024-12-21,0.6369,POSITIVE
2024-12-26,-0.5688,NEGATIVE
2024-12-08,0.63,POSITIVE
2024-12-20,-0.4447,NEGATIVE
2024-12-22,-0.7158,NEGATIVE
2024-12-21,-0.2276,NEGATIVE
2024-12-26,0.0516,POSITIVE
2024-12-24,0.6868,POSITIVE
2024-12-05,-0.9605,NEGATIVE
2024-12-19,0.9378,POSITIVE
2024-12-20,0.8479,POSITIVE
2024-12-14,-0.2709,NEGATIVE
2024-12-27,-0.7783,NEGATIVE
2024-12-08,0.4019,POSITIVE
2024-12-18,0.8122,POSITIVE
2024-12-25,0.4588,POSITIVE
2024-12-03,0.6144,POSITIVE
2024-12-08,0.8522,POSITIVE
2024-12-12,0.8977,POSITIVE
2024-12-16,-0.1697,NEGATIVE
2024-12-13,0.0,NEUTRAL
2024-12-19,-0.4939,NEGATIVE
2024-12-19,0.7351,POSITIVE
2024-12-19,0.3612,POSITIVE
2024-12-30,0.9614,POSITIVE
2024-12-10,0.0,NEUTRAL
2024-12-02,0.0,NEUTRAL
2024-11-30,0.6633,POSITIVE
2024-12-22,0.2023,POSITIVE
2024-12-15,-0.5423,NEGATIVE
2024-12-18,0.0,NEUTRAL
2024-12-20,0.0516,POSITIVE
2024-12-16,0.296,POSITIVE
2024-12-24,0.9062,POSITIVE
2024-12-20,0.0,NEUTRAL
2024-12-08,-0.2732,NEGATIVE
2024-12-20,0.5423,POSITIVE
2024-12-24,0.0,NEUTRAL
2024-12-13,0.0,NEUTRAL
2024-12-03,0.0,NEUTRAL
2024-12-20,0.0,NEUTRAL
2024-12-16,0.6908,POSITIVE
2024-12-28,0.1901,POSITIVE
2024-12-07,-0.905,NEGATIVE
2024-12-05,-0.2045,NEGATIVE
2024-12-03,0.5921,POSITIVE
2024-12-30,0.0018,NEUTRAL
2024-12-28,-0.296,NEGATIVE
2024-12-20,-0.5423,NEGATIVE
2024-12-27,-0.8316,NEGATIVE
2024-12-12,0.7269,POSITIVE
2024-12-20,-0.8126,NEGATIVE
2024-12-26,0.0,NEUTRAL
2024-12-06,0.2023,POSITIVE
2024-12-19,-0.8588,NEGATIVE
2024-12-25,0.9205,POSITIVE
2024-12-27,0.5995,POSITIVE
2024-12-19,0.9273,POSITIVE
2024-12-13,0.8779,POSITIVE
2024-12-12,0.6249,POSITIVE
2024-12-25,-0.5007,NEGATIVE
2024-12-22,0.6705,POSITIVE
2024-12-03,0.3182,POSITIVE
2024-12-19,0.0,NEUTRAL
2024-12-11,0.4898,POSITIVE
2024-12-28,0.0,NEUTRAL
2024-12-14,0.6956,POSITIVE
2024-12-21,-0.8817,NEGATIVE
2024-12-13,0.9231,POSITIVE
2024-12-10,-0.4228,NEGATIVE
2024-12-19,-0.2263,NEGATIVE
2024-12-15,0.0,NEUTRAL
2024-12-04,0.8581,POSITIVE
2024-12-20,0.6705,POSITIVE
2024-12-27,-0.25,NEGATIVE
2024-12-20,0.6597,POSITIVE
2024-12-19,0.4404,POSITIVE
2024-12-16,-0.1531,NEGATIVE
2024-12-02,0.5719,POSITIVE
2024-12-11,-0.5873,NEGATIVE
2024-12-03,0.1335,POSITIVE
2024-12-11,0.6808,POSITIVE
2024-12-27,-0.4256,NEGATIVE
2024-12-28,-0.9465,NEGATIVE
2024-12-09,0.5301,POSITIVE
2024-12-28,-0.1366,NEGATIVE
2024-12-02,-0.128,NEGATIVE
2024-12-12,0.0,NEUTRAL
2024-12-24,0.5729,POSITIVE
2024-12-29,-0.5801,NEGATIVE
2024-12-08,-0.8422,NEGATIVE
2024-12-16,-0.802,NEGATIVE
2024-12-23,0.0,NEUTRAL
2024-12-14,-0.8771,NEGATIVE
2024-12-11,0.5945,POSITIVE
2024-12-30,0.539,POSITIVE
2024-12-17,-0.3094,NEGATIVE
2024-12-29,-0.4767,NEGATIVE
2024-12-20,0.9014,POSITIVE
2024-12-27,-0.7351,NEGATIVE
2024-12-18,0.9864,POSITIVE
2024-12-30,0.0087,NEUTRAL
2024-12-12,0.0,NEUTRAL
2024-12-30,0.4019,POSITIVE
2024-12-27,0.1511,POSITIVE
2024-12-11,0.9393,POSITIVE
2024-12-27,0.9544,POSITIVE
2024-12-27,0.9545,POSITIVE
2024-12-11,0.4879,POSITIVE
2024-12-26,-0.7351,NEGATIVE
2024-12-20,0.9983,POSITIVE
2024-12-20,0.8251,POSITIVE
2024-12-22,0.0,NEUTRAL
2024-12-27,0.0258,NEUTRAL
2024-12-13,0.0,NEUTRAL
2024-12-28,0.0,NEUTRAL
2024-12-11,0.8526,POSITIVE
2024-12-05,-0.765,NEGATIVE
2024-12-15,-0.572,NEGATIVE
2024-12-12,-0.7506,NEGATIVE
2024-12-20,0.9628,POSITIVE
2024-12-02,0.2023,POSITIVE
2024-12-01,-0.0431,NEUTRAL
2024-12-12,0.5106,POSITIVE
2024-12-29,-0.1027,NEGATIVE
2024-12-20,0.6962,POSITIVE
2024-12-06,0.7096,POSITIVE
2024-12-23,0.0,NEUTRAL
2024-12-07,0.9666,POSITIVE
2024-12-30,0.5023,POSITIVE
2024-12-13,0.3612,POSITIVE
2024-12-19,-0.4003,NEGATIVE
2024-12-30,0.0,NEUTRAL
2024-12-21,-0.4341,NEGATIVE
2024-12-24,0.3724,POSITIVE
2024-12-22,0.7717,POSITIVE
2024-12-26,0.3182,POSITIVE
2024-12-16,-0.6808,NEGATIVE
2024-12-12,-0.2263,NEGATIVE
2024-12-09,0.7526,POSITIVE
2024-12-12,0.8353,POSITIVE
2024-12-01,-0.8145,NEGATIVE
2024-12-08,-0.533,NEGATIVE
2024-12-02,0.4404,POSITIVE
2024-12-17,0.6558,POSITIVE
2024-12-02,0.5093,POSITIVE
2024-12-21,-0.4767,NEGATIVE
2024-12-06,-0.1531,NEGATIVE
2024-12-23,0.3612,POSITIVE
2024-12-18,0.25,POSITIVE
2024-12-14,0.3818,POSITIVE
2024-12-04,0.2023,POSITIVE
2024-12-08,-0.2023,NEGATIVE
2024-12-11,0.0258,NEUTRAL
2024-12-27,0.9933,POSITIVE
2024-12-07,0.3612,POSITIVE
2024-12-12,0.2357,POSITIVE
2024-12-29,0.5255,POSITIVE
2024-12-16,0.0,NEUTRAL
2024-12-28,0.9891,POSITIVE
2024-12-08,0.4404,POSITIVE
2024-12-26,0.0,NEUTRAL
2024-12-19,0.9188,POSITIVE
2024-12-20,0.0,NEUTRAL
2024-12-08,-0.5423,NEGATIVE
2024-12-30,0.541,POSITIVE
2024-12-12,-0.8324,NEGATIVE
2024-12-14,0.0,NEUTRAL
2024-12-09,0.0,NEUTRAL
2024-12-09,0.7184,POSITIVE
2024-12-22,-0.4522,NEGATIVE
2024-12-14,0.7964,POSITIVE
2024-12-02,0.836,POSITIVE
2024-12-19,-0.0258,NEUTRAL
2024-12-08,0.8658,POSITIVE
2024-12-25,-0.9455,NEGATIVE
2024-12-01,-0.5903,NEGATIVE
2024-12-20,0.8338,POSITIVE
2024-11-30,0.9034,POSITIVE
2024-12-28,0.9805,POSITIVE
2024-11-30,0.9301,POSITIVE
2024-12-19,0.0,NEUTRAL
2024-12-20,0.0,NEUTRAL
2024-12-02,0.4767,POSITIVE
2024-12-17,-0.9469,NEGATIVE
2024-12-17,0.0,NEUTRAL
2024-12-19,-0.9915,NEGATIVE
2024-12-30,0.8248,POSITIVE
2024-12-16,0.0,NEUTRAL
2024-12-09,0.7964,POSITIVE
2024-12-27,0.8091,POSITIVE
2024-12-03,-0.6369,NEGATIVE
2024-12-17,-0.5994,NEGATIVE
2024-12-18,0.5719,POSITIVE
2024-12-06,-0.743,NEGATIVE
2024-12-21,0.0,NEUTRAL
2024-12-27,0.4215,POSITIVE
2024-12-15,-0.8841,NEGATIVE
2024-12-01,0.8526,POSITIVE
2024-12-28,0.5423,POSITIVE
2024-12-01,0.6298,POSITIVE
2024-12-04,0.4005,POSITIVE
2024-12-21,0.0,NEUTRAL
2024-12-04,0.1802,POSITIVE
2024-12-11,-0.6986,NEGATIVE
2024-12-19,0.9799,POSITIVE
2024-12-26,0.4588,POSITIVE
2024-12-20,0.6395,POSITIVE
2024-12-05,-0.2714,NEGATIVE
2024-12-22,0.1531,POSITIVE
2024-12-27,0.0,NEUTRAL
2024-12-20,-0.5346,NEGATIVE
2024-12-21,0.2869,POSITIVE
2024-12-06,-0.9136,NEGATIVE
2024-12-04,0.7783,POSITIVE
2024-12-12,0.3182,POSITIVE
2024-12-22,0.8625,POSITIVE
2024-12-23,0.0,NEUTRAL
2024-12-28,0.4767,POSITIVE
2024-12-19,0.0,NEUTRAL
2024-12-18,0.0,NEUTRAL
2024-12-13,0.4472,POSITIVE
2024-12-12,0.69,POSITIVE
2024-12-27,-0.6278,NEGATIVE
2024-12-04,0.4215,POSITIVE
2024-12-02,0.1027,POSITIVE
2024-12-04,0.3519,POSITIVE
2024-12-13,0.9136,POSITIVE
2024-12-20,0.8779,POSITIVE
2024-12-17,0.3612,POSITIVE
2024-12-28,-0.3252,NEGATIVE
2024-12-28,-0.875,NEGATIVE
2024-12-14,-0.3657,NEGATIVE
2024-12-12,0.9711,POSITIVE
2024-12-02,0.3975,POSITIVE
2024-12-08,0.7339,POSITIVE
2024-12-28,0.0516,POSITIVE
2024-12-07,0.4215,POSITIVE
2024-12-07,-0.8516,NEGATIVE
2024-12-24,0.1154,POSITIVE
2024-12-09,0.0,NEUTRAL
2024-12-20,-0.7061,NEGATIVE
2024-12-07,0.8442,POSITIVE
2024-12-30,0.0772,POSITIVE
2024-12-23,0.4019,POSITIVE
2024-12-18,0.0,NEUTRAL
2024-12-07,0.4215,POSITIVE
2024-12-19,0.0,NEUTRAL
2024-12-13,-0.6597,NEGATIVE
2024-12-09,0.8074,POSITIVE
2024-12-23,0.791,POSITIVE
2024-12-28,0.772,POSITIVE
2024-12-19,-0.34,NEGATIVE
2024-12-14,0.0,NEUTRAL
2024-12-03,0.9633,POSITIVE
2024-12-17,-0.1717,NEGATIVE
2024-12-19,-0.1027,NEGATIVE
2024-12-01,-0.5719,NEGATIVE
2024-12-12,-0.4098,NEGATIVE
2024-12-09,0.296,POSITIVE
2024-12-21,0.9201,POSITIVE
2024-12-27,0.0,NEUTRAL
2024-12-29,-0.0846,NEGATIVE
2024-12-02,-0.3382,NEGATIVE
2024-12-23,0.443,POSITIVE
2024-12-26,0.0,NEUTRAL
2024-12-16,0.0,NEUTRAL
2024-12-30,0.0,NEUTRAL
2024-12-23,-0.1779,NEGATIVE
2024-12-26,0.8764,POSITIVE
2024-12-23,0.0,NEUTRAL
2024-12-18,0.3818,POSITIVE
2024-12-08,0.5994,POSITIVE
2024-12-01,0.9796,POSITIVE
2024-12-02,-0.9348,NEGATIVE
2024-12-09,-0.4404,NEGATIVE
2024-12-02,0.5423,POSITIVE
2024-12-17,-0.7579,NEGATIVE
2024-12-04,0.296,POSITIVE
2024-12-07,-0.1531,NEGATIVE
2024-12-06,-0.5998,NEGATIVE
2024-12-29,-0.4939,NEGATIVE
2024-12-20,0.0,NEUTRAL
2024-12-16,0.0,NEUTRAL
2024-12-06,0.9933,POSITIVE
2024-12-27,-0.3832,NEGATIVE
2024-12-12,0.8934,POSITIVE
2024-12-26,-0.7543,NEGATIVE
2024-12-05,0.6249,POSITIVE
2024-12-25,0.6361,POSITIVE
2024-12-17,-0.9887,NEGATIVE
2024-12-12,0.9894,POSITIVE
2024-12-30,0.7184,POSITIVE
2024-12-26,0.8765,POSITIVE
2024-12-28,-0.5267,NEGATIVE
2024-12-10,0.2235,POSITIVE
2024-12-20,-0.9412,NEGATIVE
2024-12-28,0.1022,POSITIVE
2024-12-18,0.6369,POSITIVE
2024-12-05,0.0891,POSITIVE
2024-12-07,-0.7906,NEGATIVE
2024-12-26,0.7809,POSITIVE
2024-12-22,-0.8172,NEGATIVE
2024-12-19,0.952,POSITIVE
2024-12-10,-0.8316,NEGATIVE
2024-12-27,-0.9427,NEGATIVE
2024-12-09,0.0,NEUTRAL
2024-12-01,0.9053,POSITIVE
2024-12-28,-0.2263,NEGATIVE
2024-12-27,-0.2023,NEGATIVE
2024-12-23,-0.4767,NEGATIVE
2024-12-22,0.0,NEUTRAL
2024-12-28,-0.3736,NEGATIVE
2024-12-28,-0.9189,NEGATIVE
2024-12-11,0.6637,POSITIVE
2024-12-27,0.0,NEUTRAL
2024-12-12,0.3919,POSITIVE
2024-12-21,-0.296,NEGATIVE
2024-12-19,0.3544,POSITIVE
2024-12-12,-0.128,NEGATIVE
2024-12-11,-0.4696,NEGATIVE
2024-12-03,0.0,NEUTRAL
2024-12-25,-0.7278,NEGATIVE
2024-12-07,-0.0516,NEGATIVE
2024-12-20,-0.7545,NEGATIVE
2024-12-23,-0.0387,NEUTRAL
2024-12-11,0.4939,POSITIVE
2024-12-10,-0.5994,NEGATIVE
2024-12-04,0.6904,POSITIVE
2024-12-27,-0.8202,NEGATIVE
2024-12-24,-0.8854,NEGATIVE
2024-12-04,0.0,NEUTRAL
2024-12-13,0.2023,POSITIVE
2024-12-16,0.0,NEUTRAL
2024-12-24,0.3612,POSITIVE
2024-12-02,-0.296,NEGATIVE
2024-12-23,-0.6499,NEGATIVE
2024-12-19,-0.34,NEGATIVE
2024-12-26,-0.8369,NEGATIVE
2024-12-21,-0.5267,NEGATIVE
2024-12-13,0.0,NEUTRAL
2024-12-05,0.6486,POSITIVE
2024-12-20,-0.4215,NEGATIVE
2024-12-30,0.4019,POSITIVE
2024-12-14,-0.8036,NEGATIVE
2024-12-04,0.7933,POSITIVE
2024-12-27,0.2244,POSITIVE
2024-11-30,0.0,NEUTRAL
2024-12-19,-0.8588,NEGATIVE
2024-12-16,-0.9382,NEGATIVE
2024-12-19,-0.83,NEGATIVE
2024-12-07,-0.6581,NEGATIVE
2024-11-30,-0.5423,NEGATIVE
2024-12-28,0.8227,POSITIVE
2024-12-12,0.0,NEUTRAL
2024-12-12,0.0,NEUTRAL
2024-12-05,0.4019,POSITIVE
2024-12-19,-0.7035,NEGATIVE
2024-12-27,0.575,POSITIVE
2024-12-16,0.2732,POSITIVE
2024-12-29,0.0,NEUTRAL
2024-12-28,0.5719,POSITIVE
2024-12-24,0.0,NEUTRAL
2024-12-15,-0.5267,NEGATIVE
2024-12-03,-0.34,NEGATIVE
2024-12-20,-0.8979,NEGATIVE
2024-12-21,0.296,POSITIVE
2024-12-28,0.8264,POSITIVE
2024-12-04,-0.4532,NEGATIVE
2024-12-05,0.8622,POSITIVE
2024-12-06,0.7351,POSITIVE
2024-12-27,0.4173,POSITIVE
2024-12-02,-0.5994,NEGATIVE
2024-12-15,-0.296,NEGATIVE
2024-12-23,0.0,NEUTRAL
2024-12-20,0.0,NEUTRAL
2024-12-16,-0.5423,NEGATIVE
2024-12-01,-0.7534,NEGATIVE
2024-12-18,0.6705,POSITIVE
2024-12-22,-0.9849,NEGATIVE
2024-12-22,0.886,POSITIVE
2024-12-07,0.0,NEUTRAL
2024-12-13,-0.296,NEGATIVE
2024-12-02,-0.539,NEGATIVE
2024-12-01,0.9416,POSITIVE
2024-12-01,0.128,POSITIVE
2024-12-19,0.0,NEUTRAL
2024-12-28,0.5267,POSITIVE
2024-12-06,-0.7311,NEGATIVE
2024-12-19,0.0,NEUTRAL
2024-12-17,0.2748,POSITIVE
2024-12-20,0.0,NEUTRAL
2024-12-21,0.4235,POSITIVE
2024-12-20,0.4019,POSITIVE
2024-12-15,0.0,NEUTRAL
2024-12-27,0.1048,POSITIVE
2024-12-27,0.5574,POSITIVE
2024-12-04,0.6453,POSITIVE
2024-12-28,-0.8901,NEGATIVE
2024-12-22,0.4981,POSITIVE
2024-12-28,-0.9156,NEGATIVE
2024-12-20,-0.3566,NEGATIVE
2024-12-01,-0.9406,NEGATIVE
2024-12-17,0.9617,POSITIVE
2024-12-28,0.0,NEUTRAL
2024-12-10,0.4588,POSITIVE
2024-12-29,-0.4381,NEGATIVE
2024-12-20,0.3939,POSITIVE
2024-12-16,0.8617,POSITIVE
2024-12-23,0.2263,POSITIVE
2024-12-16,-0.6808,NEGATIVE
2024-12-12,0.0,NEUTRAL
2024-12-25,-0.4588,NEGATIVE
2024-12-10,-0.4019,NEGATIVE
2024-12-03,-0.3919,NEGATIVE
2024-12-18,-0.5152,NEGATIVE
2024-12-09,0.6736,POSITIVE
2024-12-26,-0.7906,NEGATIVE
2024-12-09,0.0,NEUTRAL
2024-12-13,-0.3415,NEGATIVE
2024-12-03,0.7351,POSITIVE
2024-12-19,0.2484,POSITIVE
2024-12-18,-0.296,NEGATIVE
2024-12-21,0.1531,POSITIVE
2024-12-22,0.4871,POSITIVE
2024-12-21,0.5106,POSITIVE
2024-12-26,-0.1779,NEGATIVE
2024-12-13,-0.9643,NEGATIVE
2024-12-21,0.0,NEUTRAL
2024-12-07,-0.6661,NEGATIVE
2024-12-14,0.6798,POSITIVE
2024-12-02,0.1779,POSITIVE
2024-12-27,0.3612,POSITIVE
2024-12-16,0.4588,POSITIVE
2024-12-19,-0.0258,NEUTRAL
2024-12-03,-0.3197,NEGATIVE
2024-12-20,0.7269,POSITIVE
2024-12-17,0.8316,POSITIVE
2024-12-25,0.6623,POSITIVE
2024-12-20,-0.8794,NEGATIVE
2024-12-12,0.9936,POSITIVE
2024-12-21,-0.7588,NEGATIVE
2024-12-06,0.8718,POSITIVE
2024-12-17,0.8092,POSITIVE
2024-12-18,0.0,NEUTRAL
2024-12-20,0.6697,POSITIVE
2024-12-30,0.0,NEUTRAL
2024-12-28,0.0,NEUTRAL
2024-12-08,0.2549,POSITIVE
2024-12-16,-0.7057,NEGATIVE
2024-12-23,-0.4215,NEGATIVE
2024-12-13,0.0,NEUTRAL
2024-12-28,0.0,NEUTRAL
2024-12-20,0.3612,POSITIVE
2024-12-17,0.5719,POSITIVE
2024-12-27,-0.6705,NEGATIVE
2024-12-05,0.0,NEUTRAL
2024-12-24,0.7391,POSITIVE
2024-12-02,-0.8885,NEGATIVE
2024-12-04,0.0,NEUTRAL
2024-12-21,0.4215,POSITIVE
2024-12-03,0.0,NEUTRAL
2024-12-19,0.0,NEUTRAL
2024-12-08,0.7579,POSITIVE
2024-12-23,-0.7364,NEGATIVE
2024-12-24,0.743,POSITIVE
2024-12-15,-0.2012,NEGATIVE
2024-12-28,0.6249,POSITIVE
2024-12-17,-0.128,NEGATIVE
2024-12-02,0.0,NEUTRAL
2024-12-15,0.8016,POSITIVE
2024-12-18,-0.6182,NEGATIVE
2024-12-20,0.6486,POSITIVE
2024-12-07,0.0,NEUTRAL
2024-12-10,0.0,NEUTRAL
2024-12-14,-0.4767,NEGATIVE
2024-12-14,-0.5013,NEGATIVE
2024-12-26,-0.5991,NEGATIVE
2024-12-30,0.2732,POSITIVE
2024-12-01,-0.6137,NEGATIVE
2024-12-15,0.9827,POSITIVE
2024-12-19,0.12,POSITIVE
2024-12-06,-0.6681,NEGATIVE
2024-12-12,0.2732,POSITIVE
2024-12-11,0.8476,POSITIVE
2024-12-12,0.2944,POSITIVE
2024-12-07,0.8522,POSITIVE
2024-12-26,0.7003,POSITIVE
2024-12-09,0.847,POSITIVE
2024-12-17,0.0,NEUTRAL
2024-12-20,0.3034,POSITIVE
2024-12-14,0.0,NEUTRAL
2024-12-27,0.5707,POSITIVE
2024-12-30,0.0,NEUTRAL
2024-12-03,0.0,NEUTRAL
2024-12-30,0.9589,POSITIVE
2024-12-06,0.8362,POSITIVE
2024-12-14,0.3669,POSITIVE
2024-12-29,-0.9246,NEGATIVE
2024-12-11,0.3612,POSITIVE
2024-12-05,-0.3612,NEGATIVE
2024-12-01,0.6705,POSITIVE
2024-12-03,0.0,NEUTRAL
2024-12-30,0.5423,POSITIVE
2024-12-15,-0.7579,NEGATIVE
2024-12-01,0.2732,POSITIVE
2024-12-10,0.5719,POSITIVE
2024-12-10,-0.0258,NEUTRAL
2024-12-19,0.8467,POSITIVE
2024-12-22,0.0,NEUTRAL
2024-12-09,0.0,NEUTRAL
2024-12-28,0.4588,POSITIVE
2024-12-27,-0.25,NEGATIVE
2024-12-12,0.0,NEUTRAL
2024-12-05,0.2714,POSITIVE
2024-12-30,0.1531,POSITIVE
2024-12-12,-0.5994,NEGATIVE
2024-12-20,0.0,NEUTRAL
2024-12-18,0.7351,POSITIVE
2024-12-09,0.4588,POSITIVE
2024-12-03,-0.7575,NEGATIVE
2024-12-20,-0.8487,NEGATIVE
2024-12-20,-0.7346,NEGATIVE
2024-12-24,0.0976,POSITIVE
2024-12-17,0.5859,POSITIVE
2024-12-18,0.25,POSITIVE
2024-12-02,0.6157,POSITIVE
2024-12-25,-0.3818,NEGATIVE
2024-12-25,0.4939,POSITIVE
2024-12-19,0.6588,POSITIVE
2024-12-08,-0.6478,NEGATIVE
2024-12-01,-0.9895,NEGATIVE
2024-12-28,0.3804,POSITIVE
2024-12-05,0.3919,POSITIVE
2024-12-17,0.5859,POSITIVE
2024-12-24,0.8689,POSITIVE
2024-12-16,0.5267,POSITIVE
2024-12-07,0.4404,POSITIVE
2024-12-20,-0.9623,NEGATIVE
2024-12-26,0.3182,POSITIVE
2024-12-05,-0.6249,NEGATIVE
2024-12-02,0.849,POSITIVE
2024-12-10,-0.9153,NEGATIVE
2024-12-08,0.0,NEUTRAL
2024-12-19,0.7083,POSITIVE
2024-12-20,0.0,NEUTRAL
2024-12-28,0.3384,POSITIVE
2024-12-11,-0.6124,NEGATIVE
2024-12-24,-0.128,NEGATIVE
2024-12-27,-0.9584,NEGATIVE
2024-12-19,0.3612,POSITIVE
2024-12-02,-0.1735,NEGATIVE
2024-12-19,-0.3658,NEGATIVE
2024-12-29,0.0,NEUTRAL
2024-12-13,0.4199,POSITIVE
2024-12-19,-0.1406,NEGATIVE
2024-12-26,0.0,NEUTRAL
2024-12-28,-0.9493,NEGATIVE
2024-12-30,-0.4588,NEGATIVE
2024-12-24,-0.1779,NEGATIVE
2024-12-29,-0.4019,NEGATIVE
2024-12-29,0.8816,POSITIVE
2024-12-26,0.7964,POSITIVE
2024-12-05,0.0,NEUTRAL
2024-12-29,-0.6956,NEGATIVE
2024-12-29,0.1531,POSITIVE
2024-12-18,-0.6908,NEGATIVE
2024-12-13,0.0,NEUTRAL
2024-12-29,-0.1154,NEGATIVE
2024-12-08,0.1139,POSITIVE
2024-12-01,0.0102,NEUTRAL
2024-12-19,0.5859,POSITIVE
2024-12-18,0.0,NEUTRAL
2024-12-02,0.9032,POSITIVE
2024-12-15,-0.5719,NEGATIVE
2024-12-14,-0.0943,NEGATIVE
2024-12-02,-0.296,NEGATIVE
2024-12-24,-0.4445,NEGATIVE
2024-12-23,-0.891,NEGATIVE
2024-12-10,0.6753,POSITIVE
2024-12-28,0.0,NEUTRAL
2024-12-06,-0.9194,NEGATIVE
2024-12-09,0.8641,POSITIVE
2024-12-12,-0.2263,NEGATIVE
2024-12-01,0.3614,POSITIVE
2024-12-30,-0.0516,NEGATIVE
2024-12-17,0.296,POSITIVE
2024-12-20,0.7599,POSITIVE
2024-12-02,0.8294,POSITIVE
2024-12-23,0.0,NEUTRAL
2024-12-29,0.7537,POSITIVE
2024-12-02,-0.9057,NEGATIVE
2024-12-14,-0.3818,NEGATIVE
2024-12-03,0.1142,POSITIVE
2024-12-27,-0.6486,NEGATIVE
2024-12-28,0.34,POSITIVE
2024-12-12,-0.5859,NEGATIVE
2024-12-05,-0.9054,NEGATIVE
2024-12-07,0.1779,POSITIVE
