date,sentiment_label,confidence
2024-12-16,positive,98.43
2024-12-13,neutral,54.0
2024-12-03,neutral,63.2
2024-12-28,neutral,57.89
2024-12-03,negative,50.3
2024-12-29,negative,58.87
2024-12-10,negative,81.89
2024-12-17,negative,65.11
2024-12-28,neutral,45.34
2024-12-15,negative,55.65
2024-12-10,neutral,52.68
2024-12-18,negative,78.57
2024-12-08,neutral,78.96
2024-12-15,neutral,42.38
2024-12-12,positive,56.66
2024-12-11,neutral,53.36
2024-12-30,negative,84.16
2024-12-08,neutral,71.66
2024-12-11,neutral,63.17
2024-12-01,positive,54.26
2024-12-29,negative,68.97
2024-12-15,negative,79.75
2024-12-04,neutral,80.0
2024-12-19,negative,67.89
2024-12-27,neutral,68.44
2024-12-03,negative,50.28
2024-12-26,neutral,50.36
2024-12-08,neutral,66.08
2024-12-29,negative,94.99
2024-12-04,neutral,78.39
2024-12-22,negative,75.06
2024-12-11,neutral,55.08
2024-12-18,neutral,53.13
2024-12-21,neutral,53.26
2024-12-28,negative,51.72
2024-12-20,neutral,62.62
2024-12-08,negative,90.11
2024-12-10,neutral,79.19
2024-12-23,negative,85.44
2024-12-18,positive,53.24
2024-12-06,positive,74.8
2024-12-22,negative,64.36
2024-12-28,negative,71.17
2024-12-10,neutral,66.59
2024-12-15,negative,76.36
2024-12-24,negative,51.37
2024-12-07,negative,68.76
2024-12-28,negative,52.29
2024-12-18,neutral,48.48
2024-12-11,neutral,51.74
2024-12-24,neutral,70.84
2024-12-20,neutral,58.0
2024-12-21,neutral,74.48
2024-12-18,positive,48.63
2024-12-26,negative,85.0
2024-12-13,negative,95.76
2024-12-30,positive,60.51
2024-12-20,negative,97.01
2024-12-17,neutral,50.18
2024-12-27,positive,54.64
2024-12-07,neutral,72.33
2024-12-10,neutral,82.95
2024-12-24,neutral,86.17
2024-12-27,negative,55.16
2024-12-27,neutral,56.39
2024-12-20,negative,90.11
2024-12-11,negative,64.77
2024-12-17,neutral,45.04
2024-12-24,neutral,49.48
2024-12-07,neutral,51.33
2024-12-28,negative,90.51
2024-12-27,neutral,63.43
2024-12-17,neutral,71.46
2024-12-19,positive,66.05
2024-12-10,negative,71.24
2024-12-22,neutral,71.12
2024-12-28,negative,69.58
2024-12-18,neutral,46.11
2024-12-11,positive,84.32
2024-12-28,negative,79.57
2024-12-06,neutral,85.58
2024-12-07,positive,86.01
2024-12-27,negative,70.68
2024-12-30,neutral,63.28
2024-12-11,negative,88.81
2024-12-20,negative,56.76
2024-12-24,negative,49.66
2024-12-19,negative,76.36
2024-12-03,negative,77.97
2024-12-12,negative,58.2
2024-12-28,neutral,77.8
2024-12-07,positive,62.83
2024-12-29,neutral,77.1
2024-12-12,negative,65.19
2024-12-05,neutral,51.97
2024-12-28,negative,88.68
2024-12-28,negative,47.88
2024-12-06,neutral,52.67
2024-12-26,negative,53.39
2024-12-24,negative,81.46
2024-12-20,negative,69.75
2024-12-14,negative,79.55
2024-12-19,neutral,56.91
2024-12-27,negative,60.26
2024-12-17,neutral,72.79
2024-12-16,neutral,53.89
2024-12-15,neutral,54.07
2024-12-06,negative,62.72
2024-12-03,neutral,65.16
2024-12-10,negative,76.11
2024-12-26,negative,91.6
2024-12-26,negative,85.92
2024-12-19,negative,71.96
2024-12-07,negative,72.5
2024-12-28,positive,69.36
2024-12-06,neutral,49.64
2024-12-20,negative,81.75
2024-12-22,neutral,64.34
2024-12-26,negative,53.55
2024-12-24,positive,67.46
2024-12-30,negative,84.99
2024-12-13,positive,95.83
2024-12-03,positive,57.75
2024-12-13,neutral,57.95
2024-12-19,negative,62.4
2024-12-06,neutral,62.16
2024-12-10,neutral,53.64
2024-12-12,negative,57.42
2024-12-27,neutral,46.7
2024-12-28,neutral,57.34
2024-12-18,neutral,58.01
2024-12-14,neutral,49.34
2024-12-17,neutral,66.25
2024-12-22,positive,71.42
2024-12-05,neutral,53.24
2024-12-17,neutral,59.88
2024-12-06,neutral,70.7
2024-12-29,neutral,81.59
2024-12-13,neutral,52.37
2024-12-24,neutral,62.76
2024-12-09,neutral,61.96
2024-12-20,neutral,70.64
2024-12-09,neutral,48.0
2024-12-14,negative,67.19
2024-12-21,neutral,67.87
2024-12-20,negative,56.51
2024-12-24,neutral,62.15
2024-12-12,neutral,59.63
2024-12-07,negative,62.91
2024-12-10,neutral,50.49
2024-12-18,negative,92.96
2024-12-18,neutral,63.89
2024-12-20,negative,86.1
2024-12-19,negative,46.81
2024-12-03,negative,88.86
2024-12-21,negative,84.76
2024-12-14,negative,73.78
2024-12-20,negative,81.05
2024-12-27,positive,68.49
2024-12-26,neutral,54.82
2024-12-28,neutral,51.61
2024-12-02,neutral,46.71
2024-12-14,negative,82.85
2024-12-17,neutral,68.13
2024-12-24,negative,85.21
2024-12-17,negative,69.94
2024-12-22,negative,80.23
2024-12-22,neutral,55.29
2024-12-20,neutral,50.41
2024-12-30,negative,75.91
2024-12-11,neutral,63.28
2024-12-18,negative,62.55
2024-12-13,negative,59.85
2024-12-16,negative,71.32
2024-12-21,negative,47.46
2024-12-14,positive,93.49
2024-12-30,negative,89.36
2024-12-27,positive,89.86
2024-12-28,negative,80.16
2024-12-11,neutral,78.57
2024-12-27,neutral,54.41
2024-12-23,negative,73.3
2024-12-02,neutral,64.17
2024-12-19,neutral,72.59
2024-12-14,neutral,77.38
2024-12-12,negative,68.8
2024-12-24,neutral,52.13
2024-12-27,negative,57.47
2024-12-20,negative,66.48
2024-12-29,negative,55.07
2024-12-01,positive,57.48
2024-12-05,negative,97.88
2024-12-22,neutral,46.02
2024-12-14,neutral,67.66
2024-12-02,neutral,54.77
2024-12-21,negative,79.78
2024-12-03,negative,54.52
2024-12-10,negative,79.11
2024-12-23,neutral,54.14
2024-12-19,neutral,66.31
2024-12-20,negative,61.21
2024-12-24,negative,96.56
2024-12-08,negative,54.66
2024-12-29,positive,75.87
2024-12-20,neutral,45.94
2024-12-26,negative,49.6
2024-12-03,negative,52.06
2024-12-21,neutral,68.13
2024-12-18,neutral,87.08
2024-12-20,negative,46.05
2024-12-08,negative,83.73
2024-12-09,neutral,63.84
2024-12-26,neutral,53.27
2024-12-27,negative,91.33
2024-12-28,neutral,62.85
2024-12-23,positive,96.99
2024-12-15,negative,71.98
2024-12-10,neutral,49.89
2024-12-10,negative,74.38
2024-12-27,negative,96.37
2024-12-20,neutral,61.01
2024-12-27,neutral,49.18
2024-12-21,negative,86.09
2024-12-02,neutral,78.59
2024-12-06,negative,79.98
2024-12-22,negative,59.22
2024-12-18,negative,82.81
2024-12-30,negative,50.8
2024-12-03,positive,49.47
2024-12-29,positive,76.14
2024-12-08,neutral,49.48
2024-12-15,negative,70.32
2024-12-20,negative,56.49
2024-12-17,negative,78.78
2024-12-20,neutral,46.63
2024-12-10,neutral,74.36
2024-12-07,positive,76.01
2024-12-21,negative,58.6
2024-12-28,negative,53.76
2024-12-19,negative,59.69
2024-12-19,negative,52.58
2024-12-06,negative,54.2
2024-12-30,positive,63.42
2024-12-29,negative,80.04
2024-12-17,neutral,51.45
2024-12-04,negative,79.86
2024-12-26,negative,91.04
2024-12-11,neutral,67.03
2024-12-22,negative,70.12
2024-12-27,neutral,87.01
2024-12-01,negative,73.5
2024-12-19,negative,61.69
2024-12-29,negative,88.97
2024-12-11,negative,74.99
2024-12-23,negative,56.06
2024-12-11,positive,94.73
2024-12-25,neutral,81.09
2024-12-19,negative,63.09
2024-12-19,neutral,41.32
2024-12-09,neutral,54.47
2024-12-19,neutral,81.58
2024-12-10,negative,74.36
2024-12-08,positive,61.7
2024-12-24,positive,96.66
2024-12-11,negative,62.45
2024-12-19,negative,94.47
2024-12-24,positive,96.99
2024-12-22,negative,77.1
2024-12-20,negative,81.13
2024-12-28,neutral,48.34
2024-12-23,negative,52.86
2024-12-19,negative,97.7
2024-12-17,positive,57.28
2024-12-17,neutral,76.02
2024-12-03,neutral,52.03
2024-12-27,neutral,71.39
2024-12-20,negative,54.16
2024-12-23,negative,87.64
2024-12-02,negative,55.19
2024-12-12,negative,48.51
2024-12-22,negative,52.84
2024-12-22,negative,49.13
2024-12-22,neutral,65.95
2024-12-14,negative,52.68
2024-12-21,neutral,79.82
2024-12-05,positive,59.16
2024-12-23,negative,78.28
2024-12-09,neutral,65.84
2024-12-14,negative,48.5
2024-12-04,negative,67.6
2024-12-25,negative,84.73
2024-12-22,positive,56.32
2024-12-20,negative,56.37
2024-12-26,neutral,54.12
2024-12-15,negative,59.09
2024-12-03,negative,90.91
2024-12-11,neutral,80.63
2024-12-23,neutral,71.48
2024-12-23,neutral,48.41
2024-12-20,neutral,55.22
2024-12-30,negative,60.3
2024-12-19,negative,54.37
2024-12-21,negative,77.17
2024-12-22,negative,85.53
2024-12-28,neutral,57.63
2024-12-02,negative,94.49
2024-12-01,neutral,61.62
2024-12-21,negative,74.39
2024-12-08,neutral,43.93
2024-12-16,negative,95.45
2024-12-13,negative,94.18
2024-12-20,negative,77.69
2024-12-23,negative,57.26
2024-12-23,neutral,72.98
2024-12-11,negative,77.43
2024-12-14,negative,86.06
2024-12-26,negative,89.76
2024-12-21,negative,84.8
2024-12-02,negative,70.48
2024-12-29,negative,66.88
2024-12-22,negative,50.66
2024-12-04,negative,54.05
2024-12-12,neutral,56.09
2024-12-19,negative,87.35
2024-12-23,negative,86.68
2024-12-28,negative,49.42
2024-12-28,negative,91.43
2024-12-11,negative,75.98
2024-12-30,neutral,78.62
2024-12-24,negative,51.44
2024-12-18,negative,47.14
2024-12-04,negative,92.76
2024-12-28,negative,70.2
2024-12-12,negative,82.34
2024-12-03,negative,58.83
2024-12-27,neutral,81.07
2024-12-17,negative,50.0
2024-12-21,negative,47.45
2024-12-19,neutral,52.53
2024-12-21,neutral,86.27
2024-12-20,negative,68.0
2024-12-30,negative,49.06
2024-12-05,negative,65.32
2024-12-09,neutral,44.34
2024-12-19,neutral,71.71
2024-12-24,negative,83.86
2024-12-25,positive,71.62
2024-12-13,negative,96.14
2024-12-20,negative,84.34
2024-12-22,neutral,56.49
2024-12-15,negative,76.08
2024-12-10,negative,64.72
2024-12-07,neutral,49.5
2024-12-17,negative,54.17
2024-12-22,negative,83.24
2024-12-02,negative,63.56
2024-12-01,negative,56.22
2024-12-25,negative,75.44
2024-12-13,negative,69.65
2024-12-17,neutral,79.29
2024-12-04,neutral,54.98
2024-12-14,neutral,75.14
2024-12-10,negative,82.33
2024-12-13,negative,64.81
2024-12-24,neutral,81.26
2024-12-20,neutral,61.91
2024-12-14,negative,53.23
2024-12-28,negative,56.47
2024-12-12,neutral,58.68
2024-12-17,negative,72.34
2024-12-26,negative,59.67
2024-12-14,positive,81.72
2024-12-13,neutral,47.04
2024-12-28,neutral,55.54
2024-12-21,negative,60.06
2024-12-28,positive,79.86
2024-12-27,negative,96.4
2024-12-11,positive,56.01
2024-12-09,negative,68.6
2024-12-19,neutral,56.97
2024-12-01,neutral,77.59
2024-12-02,neutral,63.28
2024-12-14,neutral,55.29
2024-12-29,negative,92.7
2024-12-21,neutral,56.36
2024-12-22,negative,79.68
2024-12-28,negative,70.84
2024-12-09,negative,69.3
2024-12-23,neutral,60.53
2024-12-03,neutral,44.55
2024-12-23,negative,66.48
2024-12-12,neutral,47.38
2024-12-07,negative,89.7
2024-12-27,positive,78.84
2024-12-05,neutral,54.9
2024-12-28,negative,73.44
2024-12-25,negative,87.36
2024-12-30,negative,76.72
2024-12-04,negative,90.48
2024-12-26,negative,59.68
2024-12-23,negative,94.64
2024-12-18,negative,58.35
2024-12-18,negative,75.99
2024-12-02,negative,88.06
2024-12-23,negative,54.43
2024-12-09,negative,56.48
2024-12-05,negative,57.36
2024-12-28,positive,52.31
2024-12-17,neutral,49.21
2024-12-22,neutral,70.97
2024-12-21,neutral,50.42
2024-12-19,negative,41.56
2024-12-27,neutral,54.76
2024-12-26,negative,49.99
2024-12-21,positive,95.83
2024-12-27,neutral,80.96
2024-12-20,neutral,66.95
2024-12-23,neutral,52.16
2024-12-21,positive,66.66
2024-12-18,positive,99.07
2024-12-22,negative,52.01
2024-12-09,neutral,74.12
2024-12-20,neutral,42.19
2024-12-17,negative,93.41
2024-12-02,positive,66.11
2024-12-12,positive,53.56
2024-12-13,neutral,56.23
2024-12-01,negative,60.77
2024-12-02,neutral,54.17
2024-12-08,neutral,62.98
2024-12-22,negative,85.76
2024-12-19,neutral,75.53
2024-12-26,negative,93.35
2024-12-21,negative,86.94
2024-12-30,negative,75.79
2024-12-01,negative,83.79
2024-12-19,positive,92.74
2024-12-09,neutral,64.85
2024-12-01,neutral,46.56
2024-12-19,neutral,85.13
2024-12-15,neutral,54.44
2024-11-30,neutral,64.08
2024-12-21,neutral,56.86
2024-12-08,neutral,85.21
2024-12-12,negative,83.17
2024-12-20,negative,95.65
2024-12-15,neutral,86.49
2024-12-18,neutral,80.52
2024-12-20,neutral,67.01
2024-11-30,neutral,81.28
2024-12-05,positive,79.96
2024-12-19,negative,73.39
2024-12-29,neutral,88.23
2024-12-06,neutral,84.73
2024-12-19,neutral,60.71
2024-12-09,positive,62.68
2024-12-01,negative,59.36
2024-12-22,negative,58.2
2024-12-27,negative,59.55
2024-12-30,neutral,42.38
2024-11-30,neutral,53.68
2024-12-14,neutral,54.31
2024-12-29,negative,51.15
2024-12-28,neutral,50.98
2024-12-01,neutral,67.86
2024-11-30,neutral,69.0
2024-12-15,positive,94.41
2024-12-01,negative,94.52
2024-12-18,negative,51.15
2024-12-28,negative,66.73
2024-12-30,neutral,50.89
2024-12-28,negative,97.92
2024-12-28,negative,95.06
2024-12-14,positive,53.54
2024-12-18,negative,64.12
2024-12-27,negative,66.22
2024-12-20,neutral,47.59
2024-12-23,neutral,54.29
2024-12-14,negative,65.13
2024-12-08,negative,79.13
2024-12-15,negative,85.68
2024-12-26,positive,62.41
2024-12-22,negative,58.3
2024-12-24,negative,56.28
2024-12-01,neutral,51.56
2024-12-21,negative,42.29
2024-12-22,neutral,49.08
2024-12-17,neutral,57.32
2024-12-26,positive,63.73
2024-12-01,neutral,52.79
2024-12-20,negative,74.69
2024-12-07,neutral,62.44
2024-12-05,negative,60.01
2024-12-28,negative,80.19
2024-12-21,negative,90.26
2024-12-19,negative,95.36
2024-12-14,positive,46.53
2024-12-18,neutral,73.01
2024-12-02,negative,96.47
2024-12-01,neutral,46.93
2024-12-26,negative,59.57
2024-12-24,positive,67.19
2024-12-20,negative,55.82
2024-12-20,negative,80.79
2024-12-28,negative,64.59
2024-12-12,negative,52.66
2024-12-11,negative,84.69
2024-12-01,neutral,52.81
2024-12-24,negative,65.28
2024-12-20,negative,60.86
2024-12-28,positive,89.18
2024-12-11,negative,50.84
2024-12-02,negative,96.01
2024-12-11,positive,42.74
2024-12-11,negative,70.74
2024-12-27,negative,74.42
2024-12-30,neutral,69.65
2024-12-20,negative,54.59
2024-12-07,positive,94.82
2024-12-29,neutral,75.92
2024-12-28,neutral,49.8
2024-12-19,neutral,71.18
2024-12-23,negative,86.43
2024-12-27,negative,62.72
2024-12-20,negative,96.64
2024-12-01,neutral,48.18
2024-12-03,negative,58.48
2024-12-28,neutral,55.18
2024-12-08,positive,81.75
2024-12-28,neutral,41.59
2024-12-11,neutral,71.79
2024-12-26,negative,73.86
2024-12-03,negative,68.93
2024-12-19,positive,70.47
2024-12-03,negative,76.75
2024-12-25,neutral,52.66
2024-12-06,negative,81.73
2024-12-16,negative,90.08
2024-12-11,neutral,56.97
2024-12-27,neutral,54.08
2024-12-19,negative,71.93
2024-12-23,negative,92.89
2024-12-19,negative,81.71
2024-12-18,neutral,70.92
2024-12-23,negative,61.8
2024-12-09,neutral,57.05
2024-12-22,positive,46.54
2024-12-22,negative,95.77
2024-12-19,negative,68.48
2024-12-28,negative,64.52
2024-12-13,positive,59.81
2024-12-07,negative,58.82
2024-12-07,negative,55.15
2024-12-19,neutral,75.89
2024-12-28,negative,96.36
2024-12-20,negative,54.39
2024-12-01,negative,77.94
2024-12-30,neutral,51.55
2024-12-03,positive,72.53
2024-12-21,positive,74.23
2024-12-29,negative,92.91
2024-12-03,neutral,75.3
2024-12-26,neutral,86.17
2024-12-13,negative,75.19
2024-12-29,negative,60.84
2024-12-17,neutral,52.29
2024-12-18,neutral,69.4
2024-12-20,negative,88.35
2024-12-25,neutral,68.41
2024-12-30,negative,64.21
2024-12-06,neutral,79.41
2024-12-03,negative,79.82
2024-12-22,negative,55.73
2024-12-17,neutral,46.27
2024-12-26,negative,97.77
2024-12-10,neutral,57.9
2024-12-03,neutral,47.47
2024-12-06,neutral,44.61
2024-12-19,negative,74.14
2024-12-29,neutral,48.68
2024-12-28,neutral,44.86
2024-12-07,negative,70.04
2024-12-20,neutral,47.67
2024-12-03,neutral,52.66
2024-12-01,negative,70.9
2024-12-03,neutral,76.1
2024-12-05,neutral,74.83
2024-12-19,negative,62.96
2024-12-09,negative,50.36
2024-12-05,neutral,79.45
2024-12-14,neutral,76.61
2024-12-14,positive,51.11
2024-12-25,negative,82.72
2024-12-29,negative,76.17
2024-12-17,positive,97.9
2024-12-30,negative,87.52
2024-12-14,neutral,62.42
2024-12-21,negative,67.21
2024-12-17,negative,75.11
2024-12-07,negative,58.35
2024-12-15,neutral,68.88
2024-12-28,neutral,42.02
2024-12-06,negative,77.52
2024-12-17,neutral,64.73
2024-12-21,neutral,69.55
2024-12-27,neutral,46.31
2024-12-01,neutral,61.18
2024-12-15,neutral,54.45
2024-12-21,neutral,54.77
2024-12-04,negative,75.29
2024-12-29,negative,80.97
2024-12-03,negative,42.4
2024-12-21,negative,90.42
2024-12-01,neutral,48.9
2024-12-16,neutral,70.13
2024-12-12,negative,78.38
2024-12-15,neutral,44.84
2024-12-19,negative,64.4
2024-12-09,positive,56.78
2024-12-15,negative,69.94
2024-12-16,neutral,60.65
2024-12-19,negative,95.65
2024-12-05,negative,69.35
2024-12-11,negative,82.66
2024-12-11,neutral,53.67
2024-12-14,negative,53.99
2024-12-12,neutral,83.72
2024-12-29,negative,64.46
2024-12-26,negative,89.39
2024-12-14,positive,69.23
2024-12-23,neutral,77.33
2024-12-03,neutral,60.21
2024-12-14,neutral,72.12
2024-12-22,neutral,49.32
2024-12-13,neutral,80.09
2024-12-29,neutral,67.2
2024-12-12,negative,93.99
2024-12-22,neutral,49.32
2024-12-21,negative,44.23
2024-12-22,neutral,81.81
2024-12-18,negative,96.3
2024-12-23,negative,47.3
2024-12-05,positive,89.49
2024-12-20,negative,50.39
2024-12-22,negative,73.35
2024-12-17,neutral,52.58
2024-12-10,neutral,54.3
2024-12-24,neutral,81.75
2024-12-04,neutral,77.55
2024-12-25,positive,69.03
2024-12-21,positive,80.6
2024-12-30,negative,56.89
2024-12-23,neutral,85.59
2024-12-06,negative,85.7
2024-12-30,neutral,57.42
2024-12-24,negative,82.64
2024-12-12,negative,43.14
2024-12-23,neutral,83.06
2024-12-15,neutral,68.91
2024-12-18,negative,66.71
2024-12-03,negative,50.72
2024-12-09,negative,71.99
2024-12-02,negative,49.28
2024-12-23,neutral,82.75
2024-12-14,negative,83.63
2024-12-26,neutral,77.85
2024-12-28,negative,50.07
2024-12-03,positive,76.27
2024-12-23,neutral,70.28
2024-12-21,neutral,79.46
2024-12-27,negative,44.6
2024-12-11,negative,74.23
2024-12-28,neutral,67.09
2024-12-08,neutral,73.05
2024-12-07,negative,88.94
2024-12-27,negative,82.54
2024-12-19,neutral,74.46
2024-12-23,neutral,48.1
2024-12-02,negative,77.91
2024-12-15,positive,63.96
2024-12-23,negative,97.84
2024-12-16,positive,81.42
2024-12-22,neutral,67.67
2024-12-02,positive,47.41
2024-12-20,negative,96.54
2024-12-23,neutral,66.19
2024-12-26,neutral,48.05
2024-12-21,negative,71.48
2024-12-27,neutral,52.26
2024-12-10,negative,51.22
2024-12-21,neutral,87.34
2024-12-20,neutral,50.74
2024-12-12,neutral,69.28
2024-12-24,negative,57.06
2024-12-23,negative,73.52
2024-12-28,neutral,56.75
2024-12-18,neutral,81.95
2024-12-01,neutral,59.46
2024-12-02,neutral,53.02
2024-12-29,negative,87.59
2024-12-28,negative,81.83
2024-12-03,neutral,68.47
2024-12-16,negative,47.86
2024-12-18,neutral,51.73
2024-12-08,neutral,56.37
2024-12-25,neutral,49.31
2024-12-23,negative,69.94
2024-12-29,neutral,84.57
2024-12-18,positive,95.09
2024-12-19,negative,60.17
2024-12-21,neutral,56.19
2024-12-23,neutral,48.74
2024-12-19,neutral,85.72
2024-12-19,negative,75.36
2024-12-30,negative,72.47
2024-12-06,negative,79.97
2024-12-06,neutral,52.21
2024-12-22,negative,96.84
2024-12-16,negative,91.37
2024-12-21,negative,77.59
2024-12-24,negative,82.13
2024-12-30,negative,53.27
2024-12-15,negative,56.1
2024-12-28,positive,78.39
2024-12-30,neutral,46.83
2024-12-09,neutral,67.46
2024-12-21,neutral,57.16
2024-12-28,negative,94.67
2024-12-29,negative,78.67
2024-12-27,negative,81.31
2024-12-16,neutral,47.01
2024-12-03,neutral,82.85
2024-12-20,neutral,61.94
2024-12-08,negative,52.02
2024-12-20,neutral,48.05
2024-12-25,negative,60.12
2024-12-10,negative,50.46
2024-12-18,negative,80.83
2024-11-30,positive,98.04
2024-12-03,positive,90.1
2024-12-26,neutral,60.49
2024-12-22,negative,53.14
2024-12-28,positive,52.28
2024-12-19,negative,92.78
2024-12-02,neutral,63.28
2024-12-23,negative,50.95
2024-12-20,negative,69.67
2024-12-14,negative,69.66
2024-12-21,negative,70.83
2024-12-04,positive,60.49
2024-12-21,neutral,60.46
2024-12-18,neutral,48.17
2024-12-08,negative,86.23
2024-12-25,positive,68.39
2024-12-07,neutral,49.23
2024-12-08,neutral,60.64
2024-12-11,positive,66.3
2024-12-10,negative,82.3
2024-12-04,negative,73.84
2024-12-27,negative,55.79
2024-12-28,negative,64.44
2024-12-20,positive,77.28
2024-12-14,positive,95.83
2024-12-16,negative,86.83
2024-12-17,neutral,55.37
2024-12-16,neutral,73.12
2024-12-27,neutral,47.53
2024-12-01,positive,49.98
2024-12-10,positive,85.47
2024-12-14,neutral,66.74
2024-12-28,negative,79.29
2024-12-16,neutral,60.23
2024-12-03,positive,66.99
2024-12-20,neutral,53.23
2024-12-04,negative,76.73
2024-12-17,neutral,73.12
2024-12-11,negative,48.99
2024-12-07,negative,86.19
2024-12-12,negative,57.09
2024-12-02,negative,88.19
2024-12-07,negative,86.2
2024-12-04,neutral,63.28
2024-12-19,negative,62.66
2024-12-29,negative,81.94
2024-12-18,negative,68.99
2024-12-19,neutral,90.37
2024-12-17,positive,56.18
2024-12-22,negative,48.9
2024-12-20,neutral,51.35
2024-12-01,neutral,61.21
2024-12-15,negative,95.29
2024-12-02,negative,75.77
2024-12-07,neutral,83.66
2024-12-09,neutral,52.98
2024-12-26,negative,65.36
2024-12-28,negative,84.93
2024-12-17,negative,79.99
2024-12-24,neutral,44.34
2024-12-20,negative,93.16
2024-12-13,neutral,78.37
2024-12-01,negative,53.88
2024-12-15,neutral,85.51
2024-12-06,negative,70.85
2024-12-22,neutral,49.62
2024-12-02,negative,68.66
2024-12-06,neutral,58.2
2024-12-08,neutral,73.55
2024-12-23,negative,46.64
2024-12-20,negative,90.33
2024-12-29,negative,55.88
2024-12-17,negative,93.39
2024-12-13,neutral,49.33
2024-12-07,negative,85.73
2024-12-29,negative,92.14
2024-12-21,neutral,75.46
2024-12-28,negative,96.23
2024-12-22,neutral,49.93
2024-12-01,negative,84.27
2024-12-08,neutral,53.44
2024-12-19,negative,77.72
2024-12-28,negative,62.93
2024-12-22,negative,84.73
2024-12-12,negative,61.79
2024-12-04,negative,73.97
2024-12-12,neutral,63.28
2024-12-29,neutral,48.12
2024-12-30,negative,65.84
2024-12-20,negative,96.63
2024-12-21,neutral,63.56
2024-12-22,negative,44.07
2024-12-01,positive,55.43
2024-12-09,negative,89.87
2024-12-14,neutral,43.09
2024-12-29,negative,52.0
2024-12-24,neutral,77.1
2024-12-14,negative,95.21
2024-12-18,neutral,52.83
2024-12-14,positive,57.31
2024-12-19,neutral,72.15
2024-12-05,negative,93.79
2024-12-06,neutral,56.83
2024-12-11,neutral,57.79
2024-12-27,neutral,82.53
2024-12-25,positive,78.32
2024-12-19,negative,93.97
2024-12-26,negative,68.8
2024-12-28,neutral,80.87
2024-12-23,negative,65.82
2024-12-15,neutral,52.37
2024-12-17,negative,49.87
2024-12-17,positive,56.3
2024-12-13,neutral,79.53
2024-12-04,negative,74.52
2024-12-20,neutral,75.56
2024-12-20,neutral,73.39
2024-12-28,neutral,87.77
2024-12-05,neutral,83.36
2024-12-28,negative,61.98
2024-12-12,neutral,49.25
2024-12-04,positive,46.86
2024-12-23,negative,88.89
2024-12-11,negative,46.22
2024-12-06,neutral,67.31
2024-12-23,negative,53.17
2024-12-22,negative,44.77
2024-12-26,neutral,65.6
2024-12-22,negative,51.56
2024-12-21,negative,77.03
2024-12-23,negative,73.92
2024-12-24,neutral,55.97
2024-12-22,positive,69.58
2024-12-01,positive,62.43
2024-12-20,negative,71.64
2024-12-30,neutral,68.64
2024-12-20,negative,76.78
2024-12-27,neutral,46.7
2024-12-20,negative,68.07
2024-12-28,neutral,52.43
2024-12-06,neutral,65.86
2024-12-23,neutral,83.74
2024-12-24,neutral,87.42
2024-12-07,neutral,41.74
2024-12-12,neutral,86.78
2024-12-27,negative,81.98
2024-12-16,neutral,84.73
2024-12-21,negative,51.02
2024-12-24,negative,86.99
2024-12-20,neutral,67.81
2024-12-22,neutral,62.32
2024-12-05,negative,79.86
2024-11-30,neutral,63.41
2024-12-11,neutral,56.57
2024-12-15,negative,96.81
2024-12-12,negative,45.01
2024-12-15,neutral,53.65
2024-12-06,negative,79.66
2024-12-16,neutral,45.76
2024-12-24,negative,71.2
2024-12-12,negative,52.95
2024-12-22,negative,87.94
2024-12-26,negative,82.27
2024-12-23,neutral,43.86
2024-12-05,negative,88.58
2024-12-24,neutral,50.31
2024-12-06,negative,52.04
2024-12-02,negative,96.38
2024-12-22,neutral,47.4
2024-12-01,negative,74.93
2024-12-11,neutral,47.33
2024-12-02,negative,53.25
2024-12-25,negative,72.22
2024-12-22,neutral,90.53
2024-12-27,neutral,60.09
2024-12-21,neutral,76.43
2024-12-14,neutral,66.12
2024-12-15,neutral,57.58
2024-12-21,neutral,49.08
2024-12-19,negative,69.25
2024-12-14,negative,73.91
2024-12-16,negative,79.21
2024-12-27,neutral,68.9
2024-12-20,negative,92.34
2024-12-21,neutral,55.1
2024-12-12,neutral,72.96
2024-12-05,negative,79.85
2024-12-15,neutral,78.99
2024-12-02,neutral,48.17
2024-12-14,negative,57.38
2024-12-18,neutral,46.48
2024-12-26,negative,68.71
2024-12-08,negative,65.38
2024-12-14,negative,71.89
2024-12-22,neutral,62.61
2024-12-27,negative,60.27
2024-12-20,negative,65.72
2024-12-03,neutral,44.3
2024-12-11,neutral,74.05
2024-12-04,negative,58.43
2024-12-11,negative,92.23
2024-12-04,positive,71.12
2024-12-03,negative,71.82
2024-11-30,negative,64.97
2024-12-22,negative,81.99
2024-12-08,negative,89.42
2024-12-26,neutral,57.3
2024-12-28,negative,86.82
2024-12-28,negative,48.8
2024-12-19,negative,85.56
2024-12-23,neutral,47.12
2024-12-02,negative,58.5
2024-12-20,neutral,53.1
2024-12-15,neutral,46.78
2024-12-26,negative,76.75
2024-12-20,negative,73.21
2024-12-05,negative,84.8
2024-12-05,negative,70.75
2024-12-07,negative,76.28
2024-12-20,positive,59.1
2024-12-27,neutral,60.34
2024-12-16,negative,69.39
2024-12-16,neutral,62.1
2024-12-16,neutral,46.21
2024-12-18,negative,49.62
2024-12-28,negative,54.75
2024-12-20,negative,58.72
2024-12-03,positive,72.26
2024-12-26,neutral,47.04
2024-12-14,negative,51.45
2024-12-16,neutral,61.19
2024-12-21,negative,80.0
2024-12-08,negative,66.34
2024-12-21,neutral,56.52
2024-12-01,positive,51.55
2024-12-03,neutral,85.4
2024-12-19,negative,75.2
2024-12-28,negative,57.2
2024-12-12,negative,79.66
2024-12-26,negative,96.24
2024-12-24,negative,58.15
2024-12-19,positive,71.03
2024-12-28,neutral,44.3
2024-12-24,positive,75.06
2024-12-24,neutral,48.75
2024-12-30,neutral,61.31
2024-12-11,negative,73.37
2024-12-11,negative,92.65
2024-12-19,neutral,73.46
2024-12-13,neutral,70.76
2024-12-20,negative,75.69
2024-12-27,neutral,86.51
2024-12-21,negative,66.28
2024-12-21,neutral,78.43
2024-12-29,negative,95.7
2024-12-20,neutral,49.73
2024-12-24,negative,71.83
2024-12-08,negative,87.04
2024-12-12,neutral,52.81
2024-12-22,neutral,78.47
2024-12-21,neutral,57.07
2024-12-13,negative,79.54
2024-12-22,neutral,79.03
2024-12-19,positive,83.08
2024-12-27,negative,53.69
2024-12-19,neutral,76.84
2024-12-07,negative,84.15
2024-12-14,positive,57.12
2024-12-13,negative,84.63
2024-12-16,neutral,44.23
2024-12-27,negative,75.54
2024-12-15,negative,75.13
2024-12-01,positive,79.41
2024-12-30,neutral,68.6
2024-12-21,negative,74.92
2024-12-11,neutral,48.26
2024-12-17,positive,94.84
2024-12-08,neutral,55.02
2024-12-04,negative,65.93
2024-12-10,neutral,48.13
2024-12-24,negative,53.88
2024-12-04,positive,80.2
2024-12-12,neutral,61.73
2024-12-03,positive,53.23
2024-12-03,neutral,46.68
2024-12-13,positive,90.08
2024-12-15,negative,55.49
2024-12-19,negative,52.49
2024-12-22,neutral,68.39
2024-12-24,negative,90.84
2024-12-15,negative,81.36
2024-12-16,neutral,53.28
2024-12-05,neutral,51.49
2024-12-27,negative,83.74
2024-12-16,neutral,72.92
2024-12-19,negative,81.84
2024-12-25,neutral,65.37
2024-12-21,negative,60.94
2024-12-20,negative,65.05
2024-12-20,neutral,48.64
2024-12-30,neutral,73.04
2024-12-13,positive,58.55
2024-12-14,neutral,60.87
2024-12-17,negative,83.88
2024-12-16,neutral,80.68
2024-12-09,neutral,86.31
2024-12-24,negative,94.31
2024-12-25,negative,96.87
2024-12-17,neutral,81.18
2024-12-27,negative,92.96
2024-12-16,negative,90.67
2024-12-10,negative,48.58
2024-12-13,negative,51.69
2024-12-29,neutral,45.39
2024-12-13,negative,72.5
2024-12-10,negative,92.98
2024-12-10,negative,75.56
2024-12-23,negative,60.45
2024-12-10,negative,85.24
2024-12-19,negative,83.2
2024-12-17,negative,75.55
2024-12-23,positive,56.8
2024-12-29,neutral,57.95
2024-12-10,negative,47.7
2024-12-06,negative,46.78
2024-12-06,negative,48.03
2024-12-25,neutral,60.62
2024-12-23,neutral,72.4
2024-12-05,positive,85.72
2024-12-21,neutral,88.45
2024-12-23,neutral,69.01
2024-12-18,negative,62.74
2024-12-08,negative,54.77
2024-12-15,negative,67.27
2024-12-19,negative,62.26
2024-12-30,negative,72.7
2024-12-21,negative,96.96
2024-12-08,neutral,43.02
2024-12-21,negative,85.5
2024-12-21,negative,80.75
2024-12-02,positive,75.26
2024-12-10,positive,47.91
2024-12-15,negative,78.26
2024-12-22,neutral,81.22
2024-12-23,negative,87.38
2024-12-29,neutral,76.88
2024-12-05,negative,58.05
2024-12-15,negative,66.94
2024-12-15,positive,96.69
2024-12-15,positive,61.99
2024-12-09,neutral,66.59
2024-12-26,negative,80.26
2024-12-21,negative,47.75
2024-12-07,negative,73.91
2024-12-26,neutral,46.72
2024-12-02,negative,95.28
2024-12-07,positive,93.55
2024-12-05,negative,52.24
2024-12-24,negative,70.05
2024-12-18,negative,46.72
2024-12-30,neutral,55.29
2024-12-11,negative,59.2
2024-12-27,neutral,72.28
2024-12-29,neutral,55.35
2024-12-23,negative,65.21
2024-12-23,negative,84.75
2024-12-13,neutral,59.57
2024-12-08,negative,92.18
2024-12-27,negative,76.75
2024-12-04,negative,54.56
2024-12-20,neutral,60.92
2024-12-22,negative,54.7
2024-12-01,neutral,55.87
2024-12-23,negative,93.67
2024-12-11,neutral,50.79
2024-12-14,neutral,82.21
2024-12-20,negative,92.95
2024-12-29,neutral,63.28
2024-12-04,negative,74.42
2024-12-13,negative,91.13
2024-12-06,neutral,79.61
2024-12-28,negative,46.05
2024-12-28,negative,91.22
2024-12-29,neutral,70.78
2024-12-22,negative,57.51
2024-12-05,neutral,54.4
2024-12-26,negative,81.59
2024-12-18,neutral,58.26
2024-12-29,neutral,77.67
2024-12-08,negative,61.57
2024-12-19,negative,82.15
2024-12-30,neutral,65.41
2024-12-08,negative,69.87
2024-12-10,neutral,80.79
2024-12-10,negative,95.89
2024-12-03,negative,81.12
2024-12-16,neutral,76.95
2024-12-16,neutral,65.15
2024-12-18,negative,82.03
2024-12-11,negative,53.64
2024-12-04,positive,77.97
2024-12-17,neutral,76.69
2024-12-19,negative,71.26
2024-12-21,negative,92.34
2024-12-11,negative,44.4
2024-12-23,negative,51.68
2024-12-05,neutral,41.78
2024-12-20,neutral,64.07
2024-12-20,negative,54.51
2024-12-21,positive,61.91
2024-12-27,positive,56.59
2024-12-05,negative,75.98
2024-12-11,neutral,54.72
2024-12-18,negative,77.27
2024-12-22,negative,86.63
2024-12-17,negative,65.47
2024-12-28,negative,66.2
2024-12-04,neutral,46.02
2024-12-08,negative,67.74
2024-12-14,neutral,52.96
2024-12-16,neutral,49.41
2024-12-29,negative,63.75
2024-12-30,negative,83.61
2024-12-01,neutral,66.34
2024-12-14,neutral,85.97
2024-12-21,neutral,52.5
2024-12-28,neutral,52.33
2024-12-06,neutral,52.19
2024-12-16,negative,81.1
2024-12-27,negative,61.31
2024-12-03,negative,89.87
2024-12-04,neutral,66.39
2024-12-19,neutral,48.82
2024-12-23,neutral,45.58
2024-12-09,negative,90.35
2024-12-28,negative,85.4
2024-12-27,neutral,59.8
2024-12-02,neutral,65.68
2024-12-08,neutral,44.75
2024-12-12,negative,94.52
2024-12-03,neutral,62.49
2024-12-03,positive,84.95
2024-12-20,neutral,53.71
2024-12-24,negative,60.08
2024-12-26,neutral,54.73
2024-12-10,positive,66.31
2024-12-04,neutral,73.43
2024-12-23,neutral,49.25
2024-12-28,neutral,64.63
2024-12-29,neutral,63.28
2024-12-19,neutral,85.8
2024-12-19,negative,74.78
2024-12-19,negative,82.53
2024-12-04,negative,62.19
2024-12-26,neutral,50.72
2024-12-19,negative,63.53
2024-12-23,neutral,58.52
2024-12-26,neutral,57.93
2024-12-29,negative,78.1
2024-12-01,negative,55.84
2024-12-08,neutral,62.98
2024-12-04,neutral,59.05
2024-12-26,neutral,49.09
2024-12-17,neutral,59.14
2024-12-20,neutral,64.56
2024-12-14,negative,56.42
2024-12-06,neutral,46.21
2024-12-18,negative,46.94
2024-12-02,positive,38.35
2024-12-17,neutral,51.65
2024-12-19,positive,95.54
2024-12-13,positive,97.11
2024-12-02,negative,73.11
2024-12-15,negative,73.63
2024-12-28,negative,53.87
2024-12-22,negative,68.17
2024-12-20,neutral,73.92
2024-12-18,neutral,70.95
2024-12-19,negative,94.3
2024-12-07,negative,92.74
2024-12-09,positive,65.78
2024-12-19,negative,80.95
2024-12-20,negative,62.35
2024-12-23,negative,58.04
2024-12-07,neutral,68.53
2024-12-11,negative,68.23
2024-12-28,neutral,52.09
2024-12-16,negative,88.16
2024-12-25,negative,68.62
2024-12-19,negative,85.95
2024-12-14,negative,87.62
2024-12-21,positive,86.54
2024-12-16,negative,90.88
2024-12-09,neutral,62.85
2024-12-29,positive,52.92
2024-12-11,negative,72.25
2024-12-24,negative,57.56
2024-12-06,negative,50.97
2024-12-02,negative,64.25
2024-12-20,negative,46.84
2024-12-04,negative,49.26
2024-12-28,neutral,84.1
2024-12-07,neutral,79.77
2024-12-27,neutral,65.82
2024-12-17,positive,97.28
2024-12-29,negative,45.49
2024-12-29,neutral,64.4
2024-12-11,negative,90.15
2024-12-24,negative,48.99
2024-12-26,neutral,51.66
2024-12-29,negative,49.33
2024-12-04,neutral,51.39
2024-12-25,neutral,59.27
2024-12-04,positive,47.41
2024-12-20,negative,91.67
2024-12-01,neutral,88.73
2024-12-07,negative,90.99
2024-12-02,negative,62.04
2024-12-09,neutral,60.64
2024-12-21,positive,78.46
2024-12-28,negative,71.34
2024-12-23,positive,89.38
2024-12-22,neutral,58.13
2024-12-29,neutral,74.72
2024-12-10,negative,82.72
2024-12-01,negative,60.99
2024-12-07,neutral,58.03
2024-12-11,negative,52.99
2024-12-27,positive,39.18
2024-12-26,positive,65.76
2024-12-24,negative,94.22
2024-12-14,positive,92.39
2024-12-27,neutral,50.56
2024-12-20,negative,84.3
2024-12-15,positive,52.28
2024-12-23,negative,67.62
2024-12-20,negative,66.35
2024-12-03,neutral,44.35
2024-12-28,negative,67.25
2024-12-17,negative,59.58
2024-12-20,negative,48.22
2024-12-19,neutral,49.79
2024-12-14,neutral,77.86
2024-12-29,neutral,56.43
2024-12-18,neutral,48.33
2024-12-11,neutral,54.45
2024-12-28,negative,83.84
2024-12-10,negative,85.77
2024-12-20,positive,54.32
2024-12-09,negative,51.21
2024-12-19,neutral,84.21
2024-12-21,positive,55.48
2024-12-18,positive,62.91
2024-12-30,negative,79.98
2024-12-26,negative,84.64
2024-12-24,negative,51.14
2024-12-29,negative,76.54
2024-12-10,negative,73.15
2024-12-29,neutral,54.22
2024-12-29,neutral,55.88
2024-12-19,neutral,51.17
2024-12-21,neutral,64.7
2024-12-06,neutral,65.89
2024-12-26,negative,54.64
2024-12-21,negative,49.14
2024-12-27,negative,67.74
2024-12-24,negative,75.24
2024-12-07,negative,62.89
2024-12-16,negative,71.34
2024-12-19,negative,72.18
2024-12-09,neutral,62.56
2024-12-19,negative,58.88
2024-12-24,neutral,44.85
2024-12-26,negative,70.55
2024-12-27,neutral,82.67
2024-12-21,neutral,68.34
2024-12-01,neutral,82.8
2024-12-28,neutral,63.08
2024-12-17,negative,64.78
2024-12-30,positive,55.79
2024-12-23,neutral,47.63
2024-12-17,neutral,67.13
2024-12-19,negative,96.45
2024-12-05,neutral,78.59
2024-12-22,negative,49.6
2024-12-11,negative,64.24
2024-12-20,positive,50.23
2024-12-18,negative,83.48
2024-12-03,negative,77.95
2024-12-03,negative,51.57
2024-12-03,neutral,81.84
2024-12-23,neutral,63.79
2024-12-24,negative,84.33
2024-12-11,negative,58.16
2024-12-27,negative,68.6
2024-12-29,positive,67.95
2024-12-12,negative,59.2
2024-12-23,neutral,89.24
2024-12-28,negative,84.94
2024-12-02,neutral,71.01
2024-12-09,negative,71.9
2024-12-24,negative,93.27
2024-12-21,neutral,57.46
2024-12-18,negative,89.39
2024-12-15,negative,94.74
2024-12-02,negative,59.59
2024-12-28,negative,97.66
2024-12-02,negative,87.03
2024-12-08,neutral,58.84
2024-12-21,neutral,56.76
2024-12-01,negative,75.69
2024-12-27,negative,77.53
2024-12-01,negative,66.28
2024-12-28,negative,55.81
2024-12-09,neutral,82.18
2024-12-30,negative,97.71
2024-12-20,neutral,41.5
2024-12-14,negative,64.34
2024-12-24,negative,71.2
2024-12-18,negative,73.91
2024-12-20,negative,70.55
2024-12-12,negative,90.23
2024-12-19,negative,72.12
2024-12-17,neutral,63.92
2024-12-30,negative,92.16
2024-12-07,neutral,67.31
2024-12-19,negative,92.49
2024-12-01,negative,48.22
2024-12-11,negative,91.33
2024-12-22,negative,55.85
2024-12-02,positive,75.39
2024-12-19,neutral,63.28
2024-12-11,neutral,55.69
2024-12-09,negative,77.04
2024-12-30,negative,62.11
2024-12-19,negative,96.38
2024-12-16,negative,93.1
2024-12-12,neutral,65.61
2024-12-19,neutral,49.77
2024-12-19,positive,64.96
2024-12-04,neutral,80.96
2024-12-12,negative,51.77
2024-12-29,positive,60.91
2024-12-27,negative,67.71
2024-12-19,neutral,87.23
2024-12-02,neutral,41.86
2024-12-05,negative,48.75
2024-12-20,negative,85.57
2024-12-29,negative,87.85
2024-12-22,negative,96.71
2024-12-17,positive,57.22
2024-12-09,positive,77.17
2024-12-24,positive,85.24
2024-12-02,negative,51.04
2024-12-14,negative,91.54
2024-12-18,negative,80.17
2024-12-14,negative,65.8
2024-12-14,negative,89.83
2024-12-08,neutral,82.46
2024-12-04,negative,87.97
2024-12-11,neutral,45.67
2024-12-12,positive,86.4
2024-12-18,neutral,46.32
2024-12-21,positive,79.78
2024-12-09,neutral,55.4
2024-12-26,negative,55.69
2024-12-28,negative,85.43
2024-12-10,negative,54.97
2024-12-19,neutral,59.18
2024-12-06,positive,69.72
2024-12-18,neutral,69.37
2024-12-03,positive,64.66
2024-12-19,negative,68.27
2024-12-15,negative,74.52
2024-12-16,neutral,61.96
2024-12-07,neutral,80.54
2024-12-04,negative,65.01
2024-12-18,negative,75.23
2024-12-17,neutral,51.05
2024-12-25,neutral,83.52
2024-12-25,neutral,86.01
2024-12-09,neutral,63.28
2024-12-17,neutral,50.03
2024-12-07,negative,92.14
2024-12-03,negative,84.01
2024-12-21,negative,72.72
2024-12-28,negative,95.42
2024-12-17,neutral,63.69
2024-12-17,positive,69.87
2024-12-28,negative,77.18
2024-12-05,negative,64.98
2024-12-29,negative,73.7
2024-12-20,neutral,72.74
2024-12-08,neutral,46.84
2024-12-18,neutral,60.29
2024-12-10,positive,92.09
2024-12-17,negative,76.96
2024-12-29,negative,74.07
2024-12-13,negative,54.7
2024-12-23,neutral,59.32
2024-12-19,neutral,84.38
2024-12-23,neutral,76.88
2024-12-19,negative,65.31
2024-12-28,negative,69.74
2024-12-10,positive,57.72
2024-12-28,neutral,75.46
2024-12-22,neutral,69.28
2024-12-28,negative,66.8
2024-12-29,negative,76.75
2024-12-03,positive,77.91
2024-12-25,negative,65.66
2024-12-10,neutral,42.44
2024-12-11,neutral,63.52
2024-12-29,negative,96.16
2024-12-13,negative,93.66
2024-12-17,negative,90.25
2024-12-18,neutral,52.31
2024-12-03,positive,71.18
2024-12-04,neutral,73.9
2024-12-02,neutral,71.84
2024-12-30,neutral,89.45
2024-12-15,neutral,65.67
2024-12-10,neutral,85.4
2024-12-09,negative,62.92
2024-12-22,neutral,48.73
2024-12-16,negative,73.01
2024-12-16,positive,62.74
2024-12-19,negative,61.8
2024-12-14,neutral,68.2
2024-12-12,negative,82.08
2024-12-06,negative,87.23
2024-12-15,negative,75.75
2024-12-29,neutral,55.59
2024-12-16,neutral,66.1
2024-12-01,negative,46.95
2024-12-09,neutral,67.43
2024-12-11,neutral,45.6
2024-12-12,negative,85.05
2024-12-20,negative,83.09
2024-12-17,negative,83.57
2024-12-28,neutral,78.49
2024-12-24,neutral,75.53
2024-12-06,positive,48.34
2024-12-21,negative,56.44
2024-12-11,neutral,48.88
2024-12-11,negative,67.5
2024-12-23,neutral,69.87
2024-12-19,positive,75.96
2024-12-22,negative,54.16
2024-12-13,negative,93.3
2024-12-22,negative,80.18
2024-12-13,negative,90.7
2024-12-14,negative,69.79
2024-12-28,negative,71.63
2024-12-27,neutral,75.09
2024-12-20,neutral,52.72
2024-12-03,neutral,46.8
2024-12-10,neutral,53.5
2024-12-28,negative,68.61
2024-12-27,positive,90.32
2024-12-23,neutral,63.81
2024-12-21,negative,63.22
2024-12-30,neutral,56.8
2024-12-21,neutral,51.37
2024-12-07,neutral,68.36
2024-12-14,neutral,51.1
2024-12-06,negative,62.63
2024-12-01,neutral,55.75
2024-12-19,negative,95.55
2024-12-30,negative,47.22
2024-12-12,negative,88.29
2024-12-11,neutral,54.29
2024-12-04,negative,90.28
2024-12-04,negative,55.26
2024-12-29,negative,56.73
2024-12-19,negative,64.77
2024-12-07,neutral,53.12
2024-12-01,neutral,69.4
2024-12-01,negative,75.67
2024-12-24,negative,78.73
2024-12-19,negative,65.69
2024-12-06,negative,78.51
2024-12-15,neutral,51.52
2024-12-27,positive,96.39
2024-12-22,positive,66.97
2024-12-20,negative,95.82
2024-12-28,negative,59.22
2024-12-25,negative,72.04
2024-12-26,neutral,57.57
2024-12-22,negative,50.5
2024-12-14,negative,95.55
2024-12-02,negative,71.27
2024-12-22,neutral,56.09
2024-12-04,neutral,46.46
2024-12-20,neutral,65.03
2024-12-28,negative,97.13
2024-12-28,negative,52.0
2024-12-06,positive,96.77
2024-12-21,negative,57.18
2024-12-27,neutral,63.28
2024-12-06,neutral,64.47
2024-12-06,negative,54.97
2024-12-22,negative,80.0
2024-12-17,neutral,63.28
2024-12-28,negative,46.27
2024-12-08,negative,81.76
2024-12-20,negative,70.19
2024-12-11,neutral,57.84
2024-12-14,positive,97.54
2024-12-04,neutral,67.84
2024-12-24,negative,48.28
2024-12-10,neutral,60.05
2024-12-25,neutral,77.0
2024-12-28,negative,55.42
2024-12-19,neutral,48.39
2024-12-19,negative,65.92
2024-12-23,negative,97.42
2024-12-04,negative,55.24
2024-12-21,negative,92.07
2024-12-08,positive,93.23
2024-12-10,neutral,67.47
2024-12-28,neutral,82.24
2024-12-15,neutral,77.5
2024-12-19,negative,73.85
2024-12-12,positive,88.91
2024-12-12,negative,63.49
2024-12-22,positive,68.53
2024-12-16,negative,97.51
2024-12-14,negative,55.85
2024-12-22,neutral,51.93
2024-12-20,negative,84.11
2024-12-25,negative,75.52
2024-12-18,neutral,81.95
2024-12-09,negative,76.1
2024-12-29,neutral,73.54
2024-12-29,positive,96.44
2024-12-18,neutral,60.54
2024-12-28,negative,68.09
2024-12-30,negative,95.53
2024-12-17,neutral,49.83
2024-12-29,neutral,85.05
2024-12-20,negative,71.4
2024-12-03,negative,74.11
2024-12-21,neutral,75.23
2024-12-25,neutral,82.97
2024-12-26,neutral,52.46
2024-12-14,negative,86.11
2024-12-21,neutral,46.08
2024-12-23,negative,50.91
2024-12-21,neutral,87.53
2024-12-04,negative,64.21
2024-12-23,neutral,77.68
2024-12-04,negative,57.55
2024-12-28,positive,76.3
2024-12-09,negative,87.02
2024-12-20,negative,63.92
2024-12-04,negative,76.49
2024-12-23,positive,59.96
2024-12-11,neutral,66.65
2024-12-22,neutral,78.0
2024-12-20,negative,65.52
2024-12-28,positive,49.15
2024-12-12,neutral,55.33
2024-12-18,neutral,51.8
2024-12-19,neutral,51.17
2024-12-21,negative,53.54
2024-12-09,neutral,71.55
2024-12-02,neutral,63.7
2024-12-05,neutral,47.02
2024-12-09,neutral,61.77
2024-12-02,neutral,56.43
2024-12-08,negative,91.68
2024-12-25,negative,59.12
2024-12-18,negative,73.46
2024-12-19,negative,74.7
2024-12-30,negative,89.05
2024-12-17,negative,58.49
2024-12-12,negative,79.26
2024-12-15,negative,68.67
2024-12-12,positive,56.29
2024-12-21,negative,68.53
2024-12-03,neutral,67.34
2024-12-20,negative,54.18
2024-12-19,neutral,73.8
2024-12-17,positive,76.08
2024-12-30,negative,65.95
2024-12-28,neutral,68.33
2024-12-21,negative,58.26
2024-12-25,negative,84.74
2024-12-29,negative,79.07
2024-12-01,negative,77.18
2024-12-16,neutral,60.95
2024-12-20,neutral,50.62
2024-12-26,negative,67.35
2024-12-19,neutral,52.54
2024-12-27,positive,83.63
2024-12-20,negative,65.5
2024-12-20,positive,52.66
2024-12-17,negative,87.89
2024-12-26,negative,45.79
2024-12-22,negative,89.4
2024-12-20,positive,78.3
2024-12-27,neutral,51.6
2024-12-19,negative,88.16
2024-12-21,negative,65.94
2024-12-28,neutral,66.44
2024-12-20,negative,88.79
2024-12-28,neutral,52.8
2024-12-19,neutral,62.01
2024-12-09,neutral,47.36
2024-12-01,negative,81.21
2024-12-05,negative,83.07
2024-12-07,neutral,51.6
2024-12-03,negative,50.52
2024-12-20,negative,71.58
2024-12-20,neutral,47.0
2024-12-18,negative,77.73
2024-12-05,neutral,73.9
2024-12-23,neutral,51.73
2024-12-20,neutral,53.05
2024-12-28,negative,94.49
2024-12-28,negative,67.72
2024-12-03,neutral,65.37
2024-12-12,negative,53.02
2024-12-05,neutral,49.82
2024-12-14,negative,54.89
2024-12-08,positive,55.82
2024-12-06,neutral,58.94
2024-12-02,neutral,48.17
2024-12-10,neutral,90.79
2024-12-16,negative,52.03
2024-12-30,negative,78.48
2024-12-15,neutral,61.21
2024-12-11,negative,58.67
2024-12-21,negative,55.87
2024-12-20,positive,47.99
2024-12-17,positive,46.47
2024-12-27,neutral,48.9
2024-12-26,neutral,83.21
2024-12-30,negative,81.51
2024-12-08,neutral,84.88
2024-12-27,positive,82.63
2024-12-11,neutral,45.99
2024-12-28,neutral,70.14
2024-12-10,neutral,50.77
2024-12-20,neutral,46.78
2024-12-06,neutral,58.26
2024-12-07,negative,61.37
2024-12-27,negative,84.96
2024-12-27,neutral,71.41
2024-12-05,neutral,41.93
2024-12-23,neutral,62.56
2024-12-18,neutral,56.83
2024-11-30,neutral,63.16
2024-12-30,neutral,68.21
2024-12-19,negative,68.22
2024-12-17,negative,61.9
2024-12-03,negative,78.17
2024-12-16,negative,94.67
2024-12-27,negative,83.23
2024-12-03,negative,45.77
2024-12-25,negative,52.03
2024-12-18,neutral,54.0
2024-12-21,neutral,63.1
2024-12-16,neutral,75.51
2024-12-10,negative,96.19
2024-12-13,neutral,70.16
2024-12-23,negative,45.88
2024-12-21,positive,72.69
2024-12-06,negative,50.18
2024-12-23,neutral,64.48
2024-12-22,negative,70.55
2024-12-20,negative,87.81
2024-12-05,negative,93.16
2024-12-27,negative,79.07
2024-12-01,neutral,45.75
2024-12-18,neutral,44.03
2024-12-21,neutral,57.9
2024-12-12,neutral,47.78
2024-12-26,positive,54.83
2024-12-29,neutral,84.69
2024-12-20,negative,71.21
2024-12-27,negative,89.25
2024-12-28,negative,72.5
2024-12-02,neutral,67.2
2024-12-20,negative,70.52
2024-12-10,positive,64.48
2024-12-29,negative,86.79
2024-12-26,neutral,73.84
2024-12-03,neutral,52.7
2024-12-29,negative,57.04
2024-12-16,neutral,48.87
2024-12-16,negative,61.2
2024-12-05,negative,54.92
2024-12-01,neutral,88.99
2024-12-23,negative,68.73
2024-12-20,negative,62.79
2024-12-15,negative,52.15
2024-12-23,negative,51.27
2024-12-28,neutral,44.44
2024-12-01,neutral,84.21
2024-12-26,positive,53.7
2024-12-22,neutral,58.04
2024-12-29,positive,75.92
2024-12-05,neutral,54.61
2024-12-16,negative,58.72
2024-12-17,negative,93.34
2024-12-19,negative,52.0
2024-12-23,neutral,53.78
2024-12-01,neutral,67.39
2024-12-11,negative,69.74
2024-12-19,negative,67.03
2024-12-27,positive,75.84
2024-12-24,negative,96.81
2024-12-01,neutral,59.17
2024-12-27,negative,81.6
2024-12-04,negative,70.56
2024-11-30,negative,66.58
2024-12-09,negative,93.56
2024-12-30,neutral,65.78
2024-12-19,negative,74.24
2024-12-21,negative,75.83
2024-12-01,neutral,59.07
2024-12-23,negative,85.38
2024-12-04,neutral,51.39
2024-12-14,positive,63.34
2024-12-22,negative,75.81
2024-12-23,neutral,68.28
2024-12-26,neutral,49.5
2024-12-03,negative,80.0
2024-12-29,neutral,47.38
2024-12-21,neutral,40.03
2024-12-13,negative,71.58
2024-12-29,negative,88.5
2024-12-28,negative,92.96
2024-12-05,negative,83.51
2024-12-04,negative,85.97
2024-12-05,negative,88.4
2024-12-22,negative,92.25
2024-12-21,neutral,73.37
2024-12-11,positive,82.83
2024-12-08,positive,68.7
2024-12-28,negative,80.1
2024-12-17,negative,67.19
2024-12-10,negative,81.54
2024-11-30,negative,65.11
2024-12-05,negative,73.7
2024-12-27,positive,48.96
2024-12-09,negative,77.3
2024-12-19,neutral,55.03
2024-12-27,neutral,37.54
2024-12-29,neutral,58.54
2024-12-12,negative,65.66
2024-12-27,negative,49.52
2024-12-26,positive,74.43
2024-12-29,negative,71.91
2024-12-17,neutral,53.74
2024-12-29,negative,91.71
2024-12-05,neutral,61.78
2024-12-19,positive,57.04
2024-12-23,negative,90.2
2024-12-29,neutral,39.83
2024-12-27,neutral,54.0
2024-12-21,negative,63.56
2024-12-19,negative,91.71
2024-12-28,neutral,64.37
2024-12-15,neutral,53.4
2024-12-22,neutral,48.62
2024-12-18,neutral,49.46
2024-12-19,negative,76.86
2024-12-14,negative,50.94
2024-12-28,positive,96.1
2024-12-20,neutral,46.27
2024-12-27,neutral,46.87
2024-12-24,negative,82.45
2024-12-27,neutral,84.27
2024-12-04,negative,55.42
2024-12-04,positive,78.56
2024-12-20,negative,43.3
2024-12-20,negative,49.66
2024-12-27,positive,76.24
2024-12-20,neutral,56.76
2024-12-03,positive,71.6
2024-12-28,neutral,77.5
2024-12-02,neutral,50.4
2024-11-30,negative,74.1
2024-12-02,negative,79.57
2024-12-03,neutral,75.71
2024-12-24,negative,86.61
2024-12-22,negative,56.2
2024-12-10,negative,58.61
2024-12-13,neutral,60.02
2024-12-15,negative,66.53
2024-12-15,negative,62.47
2024-12-22,neutral,75.72
2024-12-11,neutral,69.86
2024-12-21,negative,44.47
2024-12-22,positive,90.03
2024-12-22,negative,77.27
2024-12-19,neutral,81.57
2024-12-03,negative,92.02
2024-12-28,neutral,54.12
2024-12-03,neutral,79.36
2024-12-05,neutral,83.17
2024-12-04,positive,51.88
2024-12-15,neutral,83.83
2024-12-28,neutral,78.87
2024-12-01,neutral,50.5
2024-12-28,neutral,65.28
2024-12-25,neutral,64.74
2024-12-20,negative,69.61
2024-12-08,neutral,72.55
2024-12-27,negative,67.76
2024-12-11,positive,51.82
2024-12-25,neutral,46.83
2024-12-19,negative,90.99
2024-12-27,neutral,59.41
2024-12-30,neutral,58.29
2024-12-30,negative,51.2
2024-12-20,neutral,60.02
2024-12-18,negative,82.67
2024-12-30,negative,77.77
2024-12-27,negative,55.21
2024-12-26,negative,96.28
2024-12-25,neutral,41.41
2024-12-26,positive,77.87
2024-12-27,negative,62.7
2024-12-21,negative,91.75
2024-12-11,neutral,89.38
2024-12-11,negative,73.94
2024-12-11,negative,92.51
2024-12-26,negative,45.53
2024-12-01,neutral,50.11
2024-12-03,neutral,49.64
2024-12-20,negative,58.74
2024-12-24,negative,61.42
2024-12-29,neutral,63.07
2024-12-21,neutral,49.84
2024-12-10,neutral,63.28
2024-12-01,negative,89.35
2024-12-28,neutral,61.16
2024-12-16,neutral,73.94
2024-11-30,negative,58.62
2024-12-29,neutral,42.53
2024-12-28,positive,64.61
2024-12-03,positive,46.08
2024-12-03,negative,55.48
2024-12-22,negative,78.61
2024-12-05,negative,90.55
2024-12-04,negative,86.01
2024-12-01,negative,79.88
2024-12-19,neutral,66.88
2024-12-13,negative,91.6
2024-12-28,negative,64.47
2024-12-21,negative,60.11
2024-12-27,negative,47.83
2024-12-10,negative,85.29
2024-12-29,positive,57.89
2024-12-09,negative,74.95
2024-12-17,negative,41.94
2024-12-07,positive,86.1
2024-12-09,negative,81.35
2024-12-01,neutral,79.5
2024-12-14,neutral,62.62
2024-12-14,neutral,84.75
2024-12-23,negative,69.64
2024-12-12,positive,98.09
2024-12-21,negative,80.41
2024-12-19,negative,66.65
2024-12-03,neutral,89.27
2024-12-08,negative,97.07
2024-12-20,neutral,53.45
2024-12-16,negative,69.58
2024-12-15,negative,76.73
2024-12-01,negative,51.15
2024-12-02,neutral,50.55
2024-12-06,negative,72.45
2024-12-14,negative,74.5
2024-12-26,neutral,55.24
2024-12-22,neutral,63.28
2024-12-16,negative,55.47
2024-12-26,neutral,83.12
2024-12-26,neutral,82.78
2024-12-28,neutral,70.6
2024-12-17,neutral,55.82
2024-12-22,negative,89.02
2024-12-28,negative,79.06
2024-12-27,neutral,53.2
2024-12-23,negative,57.73
2024-12-29,negative,61.23
2024-12-21,negative,83.58
2024-12-10,neutral,49.7
2024-12-27,negative,59.05
2024-12-06,negative,50.77
2024-12-19,neutral,70.49
2024-12-02,neutral,57.32
2024-12-30,negative,50.65
2024-12-27,neutral,52.71
2024-12-29,negative,71.92
2024-12-17,negative,62.65
2024-12-13,negative,60.53
2024-12-19,neutral,54.69
2024-12-06,neutral,71.91
2024-12-26,neutral,63.95
2024-12-06,negative,72.29
2024-12-24,negative,74.27
2024-12-20,positive,97.29
2024-12-04,negative,70.94
2024-12-16,negative,89.98
2024-12-20,negative,92.98
2024-12-11,negative,86.98
2024-12-13,negative,65.56
2024-12-19,neutral,66.0
2024-12-26,negative,64.31
2024-12-24,positive,53.36
2024-12-05,negative,92.22
2024-12-22,negative,94.15
2024-12-20,negative,76.34
2024-12-17,positive,85.22
2024-12-28,negative,90.83
2024-12-27,neutral,45.87
2024-12-20,neutral,49.5
2024-12-07,neutral,75.23
2024-12-19,negative,80.08
2024-12-02,negative,73.73
2024-12-21,neutral,62.42
2024-12-01,negative,58.38
2024-12-04,neutral,58.17
2024-12-26,negative,93.17
2024-12-26,neutral,72.05
2024-12-10,neutral,54.98
2024-12-19,negative,80.83
2024-12-09,positive,76.23
2024-12-16,positive,97.98
2024-12-28,neutral,76.01
2024-12-28,negative,84.59
2024-12-16,neutral,57.62
2024-12-03,positive,51.77
2024-12-13,negative,92.5
2024-12-09,neutral,54.4
2024-12-01,neutral,67.36
2024-12-26,negative,46.99
2024-12-22,neutral,64.37
2024-12-26,negative,94.53
2024-12-20,neutral,72.66
2024-12-27,negative,82.75
2024-12-03,neutral,77.98
2024-12-20,negative,48.14
2024-12-16,negative,45.85
2024-12-04,negative,57.23
2024-12-13,negative,85.48
2024-12-20,neutral,80.12
2024-12-24,negative,50.95
2024-12-23,neutral,86.18
2024-12-22,negative,56.66
2024-12-13,neutral,63.26
2024-12-28,neutral,55.95
2024-12-27,negative,95.6
2024-12-18,negative,49.77
2024-12-29,neutral,47.83
2024-12-19,neutral,88.86
2024-12-03,positive,93.52
2024-12-04,neutral,46.2
2024-12-10,neutral,78.9
2024-12-04,neutral,62.76
2024-12-22,neutral,54.31
2024-12-02,neutral,63.28
2024-12-16,neutral,62.14
2024-12-28,neutral,48.37
2024-12-10,neutral,64.55
2024-12-27,neutral,41.99
2024-12-19,negative,51.95
2024-12-21,negative,51.67
2024-12-05,neutral,49.53
2024-12-25,negative,47.0
2024-11-30,negative,50.75
2024-12-01,neutral,53.14
2024-12-14,positive,89.6
2024-12-25,neutral,70.35
2024-12-16,neutral,68.73
2024-12-19,negative,94.22
2024-12-12,neutral,42.05
2024-12-29,negative,88.66
2024-12-24,negative,97.57
2024-12-16,negative,62.24
2024-12-17,neutral,47.19
2024-12-03,positive,92.11
2024-12-29,neutral,69.83
2024-12-19,neutral,76.59
2024-12-28,neutral,44.87
2024-12-23,negative,87.08
2024-12-25,negative,45.18
2024-12-22,negative,69.72
2024-12-03,negative,55.49
2024-12-01,negative,76.05
2024-12-11,positive,93.82
2024-12-26,negative,52.41
2024-12-03,negative,77.9
2024-12-22,negative,86.23
2024-12-29,negative,97.64
2024-12-27,negative,79.26
2024-12-19,neutral,49.16
2024-12-27,negative,80.52
2024-12-15,neutral,63.38
2024-12-12,negative,65.45
2024-12-26,negative,86.51
2024-12-20,negative,82.12
2024-12-18,negative,76.38
2024-12-12,negative,88.22
2024-12-18,negative,54.42
2024-12-18,neutral,84.98
2024-11-30,negative,92.57
2024-12-19,neutral,93.98
2024-12-21,neutral,61.14
2024-12-30,neutral,60.99
2024-12-23,positive,59.34
2024-12-14,neutral,84.23
2024-12-07,negative,50.44
2024-12-05,neutral,70.94
2024-12-18,positive,81.73
2024-12-11,negative,66.73
2024-12-11,negative,63.19
2024-12-17,neutral,85.8
2024-12-29,negative,85.55
2024-12-20,negative,78.99
2024-12-16,negative,69.88
2024-12-23,negative,45.39
2024-12-27,negative,49.55
2024-12-26,neutral,41.99
2024-12-14,negative,71.41
2024-12-17,positive,93.15
2024-12-28,neutral,56.87
2024-12-21,neutral,74.64
2024-12-13,negative,76.39
2024-12-27,negative,58.59
2024-12-16,neutral,46.85
2024-12-22,neutral,64.74
2024-12-20,negative,65.04
2024-12-21,negative,57.17
2024-12-17,neutral,79.19
2024-12-23,neutral,69.04
2024-12-01,neutral,43.16
2024-12-09,neutral,82.83
2024-12-28,negative,72.08
2024-12-21,neutral,71.18
2024-12-24,negative,44.59
2024-12-21,negative,46.67
2024-12-12,negative,79.3
2024-12-06,negative,93.47
2024-12-16,negative,59.44
2024-12-24,neutral,55.94
2024-12-09,negative,70.9
2024-12-03,negative,89.57
2024-12-14,negative,48.48
2024-12-15,neutral,66.7
2024-12-12,negative,74.91
2024-12-19,negative,77.51
2024-12-27,negative,64.94
2024-12-30,negative,95.51
2024-12-30,negative,38.89
2024-12-19,neutral,44.29
2024-12-26,neutral,44.39
2024-12-29,neutral,68.25
2024-12-02,neutral,68.56
2024-12-26,neutral,48.63
2024-12-13,negative,95.18
2024-12-09,neutral,70.29
2024-12-20,neutral,75.58
2024-12-24,negative,75.91
2024-12-21,positive,61.81
2024-12-18,neutral,78.61
2024-12-06,positive,53.64
2024-12-20,positive,74.32
2024-12-01,negative,91.36
2024-12-21,neutral,47.95
2024-12-29,negative,59.49
2024-12-19,neutral,55.13
2024-12-19,negative,63.55
2024-12-06,negative,85.79
2024-12-27,negative,50.75
2024-12-16,negative,86.18
2024-12-20,negative,95.04
2024-12-20,negative,59.65
2024-12-12,neutral,62.19
2024-12-02,neutral,43.56
2024-12-01,neutral,50.66
2024-12-28,negative,63.8
2024-12-28,negative,89.64
2024-12-08,neutral,61.82
2024-12-06,negative,89.97
2024-12-17,neutral,63.97
2024-12-02,neutral,46.18
2024-12-03,negative,46.64
2024-12-23,neutral,57.95
2024-12-03,negative,95.66
2024-12-29,negative,64.01
2024-12-20,positive,90.66
2024-12-16,negative,64.53
2024-12-25,neutral,57.14
2024-12-14,negative,59.46
2024-12-28,negative,54.41
2024-12-24,negative,70.03
2024-12-03,negative,79.73
2024-12-15,negative,65.22
2024-12-04,negative,86.07
2024-12-20,negative,95.94
2024-12-15,positive,67.27
2024-12-28,neutral,77.04
2024-12-19,neutral,60.97
2024-12-27,negative,53.23
2024-12-16,neutral,52.6
2024-12-25,neutral,84.67
2024-12-22,negative,53.45
2024-12-02,neutral,58.48
2024-12-22,neutral,62.27
2024-12-10,neutral,81.27
2024-12-26,neutral,63.92
2024-12-06,neutral,56.27
2024-12-13,negative,92.95
2024-12-20,negative,90.87
2024-12-17,negative,72.5
2024-12-21,positive,97.2
2024-12-28,negative,75.28
2024-12-13,negative,73.1
2024-12-20,negative,55.9
2024-12-18,negative,47.56
2024-12-27,negative,68.13
2024-12-20,negative,65.72
2024-12-11,negative,92.93
2024-12-15,negative,53.98
2024-12-28,neutral,79.55
2024-12-24,neutral,62.02
2024-12-05,negative,48.93
2024-12-01,neutral,79.5
2024-12-29,negative,75.67
2024-12-26,negative,59.98
2024-12-13,neutral,64.34
2024-12-29,neutral,51.7
2024-12-27,neutral,51.14
2024-12-10,positive,88.7
2024-12-18,negative,62.86
2024-12-15,neutral,53.64
2024-12-23,positive,82.21
2024-12-22,positive,76.8
2024-12-11,neutral,49.56
2024-12-14,positive,82.21
2024-12-14,neutral,65.37
2024-12-12,negative,48.2
2024-12-27,negative,70.31
2024-12-27,neutral,46.12
2024-12-09,neutral,73.91
2024-12-29,positive,87.95
2024-12-03,negative,62.7
2024-12-17,negative,89.88
2024-12-01,neutral,68.66
2024-12-23,negative,61.45
2024-12-06,neutral,68.63
2024-12-26,neutral,47.09
2024-11-30,neutral,63.28
2024-12-27,neutral,47.32
2024-12-19,positive,99.09
2024-12-06,negative,83.37
2024-12-28,negative,66.42
2024-12-28,neutral,58.93
2024-12-02,negative,57.75
2024-12-30,neutral,50.27
2024-12-12,positive,54.77
2024-12-14,negative,92.62
2024-12-29,negative,78.11
2024-12-20,negative,81.38
2024-12-20,neutral,65.27
2024-12-21,neutral,56.65
2024-12-09,neutral,50.51
2024-12-08,negative,92.88
2024-12-29,negative,74.03
2024-12-06,negative,70.18
2024-12-30,negative,44.81
2024-12-13,neutral,63.49
2024-12-10,neutral,56.84
2024-12-07,neutral,51.29
2024-12-30,neutral,53.94
2024-12-20,negative,59.04
2024-12-13,negative,46.56
2024-12-26,negative,74.56
2024-12-26,negative,74.9
2024-12-14,neutral,77.68
2024-12-29,positive,58.77
2024-12-21,negative,95.15
2024-12-18,negative,77.93
2024-12-22,neutral,59.59
2024-12-13,positive,62.2
2024-12-28,neutral,57.64
2024-12-11,negative,68.11
2024-12-23,neutral,60.48
2024-12-14,negative,58.0
2024-12-27,negative,62.08
2024-12-11,negative,87.41
2024-12-09,negative,57.7
2024-12-28,neutral,61.32
2024-12-17,negative,52.31
2024-11-30,positive,91.45
2024-12-20,negative,70.33
2024-12-29,negative,58.03
2024-12-29,negative,74.5
2024-12-21,neutral,44.37
2024-12-18,negative,63.67
2024-12-09,negative,89.99
2024-12-28,negative,66.29
2024-12-20,negative,60.07
2024-12-23,negative,96.27
2024-12-28,neutral,48.22
2024-12-11,neutral,52.53
2024-12-02,neutral,61.15
2024-12-12,positive,50.89
2024-12-28,neutral,79.95
2024-12-04,negative,64.58
2024-12-29,negative,77.28
2024-12-27,negative,86.32
2024-12-11,negative,96.79
2024-12-21,negative,82.06
2024-12-19,negative,97.98
2024-12-02,positive,92.39
2024-12-03,negative,69.85
2024-12-12,negative,94.22
2024-12-19,negative,81.57
2024-12-20,negative,71.65
2024-11-30,neutral,61.5
2024-12-11,neutral,54.22
2024-12-21,positive,75.19
2024-12-12,negative,89.22
2024-12-22,positive,94.05
2024-12-07,neutral,76.96
2024-12-23,neutral,69.88
2024-12-23,negative,55.89
2024-12-16,neutral,47.91
2024-12-26,negative,50.03
2024-12-04,positive,97.56
2024-12-09,negative,62.29
2024-12-12,negative,46.94
2024-12-28,negative,83.37
2024-12-01,neutral,46.42
2024-12-19,positive,52.94
2024-12-27,negative,55.21
2024-12-07,negative,67.38
2024-12-11,neutral,51.96
2024-12-09,negative,82.83
2024-12-28,negative,52.78
2024-12-22,negative,79.67
2024-12-27,negative,92.45
2024-12-09,neutral,56.83
2024-12-23,neutral,82.8
2024-12-21,negative,51.81
2024-12-03,neutral,50.86
2024-12-03,neutral,56.84
2024-12-14,neutral,54.59
2024-12-27,negative,63.55
2024-12-08,negative,76.56
2024-12-25,neutral,85.54
2024-12-21,negative,58.09
2024-12-25,neutral,82.83
2024-12-07,positive,77.39
2024-12-01,neutral,50.52
2024-12-11,negative,63.9
2024-12-10,negative,90.46
2024-12-02,neutral,81.82
2024-12-20,negative,93.59
2024-12-11,neutral,72.46
2024-12-28,negative,69.19
2024-12-11,positive,97.02
2024-12-29,positive,97.22
2024-12-19,neutral,86.22
2024-12-07,neutral,77.39
2024-12-15,negative,56.73
2024-12-03,positive,52.06
2024-12-27,neutral,52.79
2024-12-09,neutral,80.15
2024-12-22,negative,81.43
2024-12-13,negative,59.05
2024-12-03,neutral,40.17
2024-12-10,positive,85.5
2024-12-02,negative,74.68
2024-12-21,negative,46.11
2024-12-19,negative,63.17
2024-12-21,negative,60.2
2024-12-23,neutral,76.3
2024-12-03,positive,98.75
2024-12-28,neutral,60.99
2024-12-21,negative,63.67
2024-12-13,negative,87.12
2024-12-02,negative,46.42
2024-12-10,neutral,53.16
2024-12-11,neutral,64.95
2024-12-30,positive,95.53
2024-12-22,negative,92.26
2024-12-28,negative,83.82
2024-12-13,neutral,66.81
2024-12-12,negative,79.29
2024-12-15,neutral,50.02
2024-12-06,negative,95.51
2024-12-20,negative,53.13
2024-12-11,neutral,57.44
2024-12-22,negative,65.41
2024-12-08,neutral,57.33
2024-12-27,negative,68.22
2024-12-10,negative,60.48
2024-12-23,negative,80.97
2024-12-01,negative,74.63
2024-12-23,negative,59.27
2024-12-15,negative,73.72
2024-12-30,neutral,71.52
2024-11-30,neutral,45.38
2024-12-20,neutral,81.59
2024-12-16,negative,59.36
2024-12-12,negative,48.41
2024-12-10,negative,54.09
2024-12-19,neutral,73.01
2024-12-16,neutral,39.94
2024-12-13,negative,70.28
2024-12-06,negative,85.62
2024-12-17,neutral,63.33
2024-12-28,negative,84.49
2024-12-22,neutral,68.69
2024-12-03,negative,62.07
2024-12-20,negative,46.62
2024-12-11,negative,57.03
2024-12-22,negative,49.75
2024-12-11,neutral,45.71
2024-12-26,neutral,48.15
2024-12-05,positive,51.75
2024-12-14,negative,49.46
2024-12-21,negative,56.01
2024-12-21,neutral,70.49
2024-12-04,negative,64.69
2024-12-26,neutral,41.51
2024-12-03,neutral,48.28
2024-12-28,negative,69.18
2024-12-26,negative,66.54
2024-12-04,negative,80.96
2024-12-24,positive,90.45
2024-12-25,negative,78.2
2024-12-16,negative,81.62
2024-12-05,positive,72.59
2024-12-02,negative,72.55
2024-12-21,neutral,44.78
2024-12-26,neutral,74.95
2024-12-01,neutral,81.49
2024-12-29,negative,83.08
2024-12-26,negative,65.12
2024-12-17,positive,54.17
2024-12-13,negative,89.43
2024-12-01,neutral,74.04
2024-12-02,neutral,51.34
2024-12-22,negative,84.55
2024-12-19,positive,86.48
2024-12-20,neutral,84.18
2024-12-29,neutral,54.77
2024-12-07,negative,84.17
2024-12-10,positive,77.04
2024-12-09,neutral,62.07
2024-12-10,negative,68.06
2024-12-01,negative,60.6
2024-12-13,neutral,50.73
2024-12-12,neutral,50.03
2024-12-21,positive,96.67
2024-12-26,negative,75.29
2024-12-08,negative,79.97
2024-12-20,negative,74.83
2024-12-22,negative,74.6
2024-12-21,negative,90.59
2024-12-26,neutral,83.67
2024-12-24,negative,76.71
2024-12-05,negative,73.98
2024-12-19,neutral,60.6
2024-12-20,neutral,57.01
2024-12-14,negative,77.28
2024-12-27,neutral,52.48
2024-12-08,neutral,69.96
2024-12-18,positive,51.9
2024-12-25,positive,81.45
2024-12-03,neutral,58.35
2024-12-08,negative,51.68
2024-12-12,positive,93.19
2024-12-16,negative,69.34
2024-12-13,neutral,54.33
2024-12-19,negative,79.42
2024-12-19,negative,74.54
2024-12-19,neutral,51.56
2024-12-30,negative,77.31
2024-12-10,neutral,85.5
2024-12-02,neutral,77.62
2024-11-30,negative,65.45
2024-12-22,neutral,64.34
2024-12-15,negative,84.16
2024-12-18,neutral,73.1
2024-12-20,negative,89.24
2024-12-16,neutral,50.26
2024-12-24,positive,54.96
2024-12-20,positive,59.52
2024-12-08,neutral,85.21
2024-12-20,neutral,57.27
2024-12-24,negative,85.26
2024-12-13,neutral,83.73
2024-12-03,neutral,82.9
2024-12-20,neutral,59.68
2024-12-16,positive,96.33
2024-12-28,negative,88.03
2024-12-07,negative,95.22
2024-12-05,positive,49.61
2024-12-03,negative,88.15
2024-12-30,neutral,51.57
2024-12-28,neutral,61.0
2024-12-20,negative,70.17
2024-12-27,negative,88.04
2024-12-12,positive,95.62
2024-12-20,negative,83.54
2024-12-26,neutral,80.76
2024-12-06,neutral,54.14
2024-12-19,negative,85.42
2024-12-25,positive,62.16
2024-12-27,neutral,45.4
2024-12-19,neutral,38.58
2024-12-13,neutral,50.54
2024-12-12,positive,68.78
2024-12-25,negative,68.19
2024-12-22,neutral,44.83
2024-12-03,positive,60.01
2024-12-19,neutral,65.91
2024-12-11,neutral,43.26
2024-12-28,neutral,68.22
2024-12-14,negative,52.15
2024-12-21,negative,92.74
2024-12-13,positive,98.02
2024-12-10,negative,68.36
2024-12-19,neutral,57.85
2024-12-15,neutral,80.93
2024-12-04,neutral,54.13
2024-12-20,neutral,56.64
2024-12-27,negative,50.0
2024-12-20,neutral,68.72
2024-12-19,positive,68.61
2024-12-16,negative,75.8
2024-12-02,neutral,71.04
2024-12-11,negative,86.08
2024-12-03,negative,92.23
2024-12-11,neutral,52.66
2024-12-27,neutral,47.78
2024-12-28,negative,70.42
2024-12-09,negative,78.59
2024-12-28,negative,93.53
2024-12-02,neutral,68.44
2024-12-12,negative,52.33
2024-12-24,negative,61.0
2024-12-29,negative,76.93
2024-12-08,negative,84.93
2024-12-16,negative,71.67
2024-12-23,negative,70.13
2024-12-14,negative,89.16
2024-12-11,negative,49.02
2024-12-30,negative,83.96
2024-12-17,negative,84.43
2024-12-29,neutral,53.47
2024-12-20,positive,55.48
2024-12-27,negative,63.04
2024-12-18,positive,58.55
2024-12-30,negative,80.38
2024-12-12,neutral,56.8
2024-12-30,neutral,75.01
2024-12-27,negative,71.25
2024-12-11,positive,73.05
2024-12-27,neutral,47.85
2024-12-27,negative,71.35
2024-12-11,negative,55.58
2024-12-26,neutral,57.49
2024-12-20,positive,60.5
2024-12-20,neutral,65.72
2024-12-22,neutral,76.55
2024-12-27,neutral,44.98
2024-12-13,positive,71.64
2024-12-28,neutral,56.26
2024-12-11,negative,47.92
2024-12-05,negative,94.81
2024-12-15,negative,71.67
2024-12-12,negative,74.28
2024-12-20,negative,59.68
2024-12-02,neutral,47.66
2024-12-01,negative,74.78
2024-12-12,neutral,69.02
2024-12-29,neutral,56.53
2024-12-20,negative,56.06
2024-12-06,negative,86.36
2024-12-23,neutral,68.48
2024-12-07,positive,62.2
2024-12-30,negative,47.06
2024-12-13,neutral,56.4
2024-12-19,negative,62.61
2024-12-30,neutral,82.45
2024-12-21,negative,65.61
2024-12-24,neutral,68.7
2024-12-22,negative,52.0
2024-12-26,neutral,75.65
2024-12-16,neutral,54.85
2024-12-12,negative,47.79
2024-12-09,neutral,41.58
2024-12-12,negative,56.81
2024-12-01,negative,81.41
2024-12-08,negative,58.96
2024-12-02,positive,69.66
2024-12-17,positive,57.98
2024-12-02,negative,70.44
2024-12-21,neutral,57.72
2024-12-06,negative,46.23
2024-12-23,negative,47.43
2024-12-18,negative,88.04
2024-12-14,neutral,52.62
2024-12-04,neutral,87.58
2024-12-08,neutral,48.52
2024-12-11,negative,67.36
2024-12-27,neutral,42.4
2024-12-07,negative,69.22
2024-12-12,negative,44.22
2024-12-29,neutral,58.32
2024-12-16,neutral,80.77
2024-12-28,negative,59.1
2024-12-08,negative,54.95
2024-12-26,negative,43.25
2024-12-19,negative,57.76
2024-12-20,neutral,73.21
2024-12-08,negative,94.03
2024-12-30,neutral,60.64
2024-12-12,negative,90.62
2024-12-14,neutral,68.3
2024-12-09,neutral,65.92
2024-12-09,neutral,51.62
2024-12-22,negative,76.49
2024-12-14,positive,90.99
2024-12-02,positive,51.34
2024-12-19,negative,74.58
2024-12-08,positive,41.32
2024-12-25,negative,96.13
2024-12-01,negative,52.62
2024-12-20,negative,82.94
2024-11-30,neutral,47.73
2024-12-28,positive,50.27
2024-11-30,negative,86.5
2024-12-19,neutral,71.81
2024-12-20,neutral,60.73
2024-12-02,neutral,83.4
2024-12-17,negative,53.82
2024-12-17,neutral,88.94
2024-12-19,neutral,53.18
2024-12-30,neutral,45.65
2024-12-16,neutral,51.9
2024-12-09,positive,90.77
2024-12-27,negative,55.39
2024-12-03,negative,75.95
2024-12-17,neutral,59.42
2024-12-18,neutral,61.67
2024-12-06,negative,95.84
2024-12-21,negative,62.99
2024-12-27,negative,65.28
2024-12-15,negative,93.34
2024-12-01,negative,47.92
2024-12-28,negative,48.93
2024-12-01,negative,68.42
2024-12-04,neutral,48.6
2024-12-21,positive,73.1
2024-12-04,positive,70.2
2024-12-11,negative,86.43
2024-12-19,positive,91.68
2024-12-26,negative,74.08
2024-12-20,negative,53.16
2024-12-05,negative,67.5
2024-12-22,neutral,84.34
2024-12-27,neutral,80.06
2024-12-20,neutral,51.74
2024-12-21,negative,49.93
2024-12-06,negative,93.4
2024-12-04,positive,93.78
2024-12-12,neutral,52.85
2024-12-22,positive,58.81
2024-12-23,neutral,59.62
2024-12-28,negative,75.29
2024-12-19,neutral,77.33
2024-12-18,neutral,82.05
2024-12-13,negative,44.92
2024-12-12,positive,76.49
2024-12-27,negative,76.93
2024-12-04,negative,61.33
2024-12-02,negative,93.12
2024-12-04,negative,75.92
2024-12-13,positive,53.38
2024-12-20,negative,48.05
2024-12-17,neutral,52.7
2024-12-28,neutral,59.99
2024-12-28,negative,76.83
2024-12-14,negative,48.64
2024-12-12,neutral,48.03
2024-12-02,neutral,46.47
2024-12-08,neutral,46.33
2024-12-28,negative,82.42
2024-12-07,negative,55.87
2024-12-07,negative,58.43
2024-12-24,neutral,53.46
2024-12-09,neutral,78.58
2024-12-20,negative,76.28
2024-12-07,neutral,50.34
2024-12-30,negative,50.81
2024-12-23,negative,62.7
2024-12-18,neutral,83.91
2024-12-07,neutral,57.78
2024-12-19,neutral,82.35
2024-12-13,negative,56.97
2024-12-09,neutral,49.97
2024-12-23,negative,78.93
2024-12-28,positive,64.91
2024-12-19,negative,82.81
2024-12-14,negative,78.58
2024-12-03,positive,80.32
2024-12-17,neutral,50.04
2024-12-19,negative,59.81
2024-12-01,negative,92.88
2024-12-12,neutral,70.99
2024-12-09,negative,82.02
2024-12-21,positive,63.49
2024-12-27,negative,56.15
2024-12-29,negative,54.82
2024-12-02,neutral,55.54
2024-12-23,neutral,56.17
2024-12-26,negative,69.36
2024-12-16,neutral,70.25
2024-12-30,negative,69.66
2024-12-23,negative,61.36
2024-12-26,neutral,54.77
2024-12-23,neutral,84.56
2024-12-18,neutral,75.94
2024-12-08,neutral,47.44
2024-12-01,negative,49.39
2024-12-02,negative,95.7
2024-12-09,negative,91.43
2024-12-02,neutral,60.32
2024-12-17,negative,51.45
2024-12-04,negative,67.05
2024-12-07,negative,74.28
2024-12-06,negative,90.33
2024-12-29,neutral,66.45
2024-12-20,neutral,64.86
2024-12-16,neutral,75.89
2024-12-06,negative,49.79
2024-12-27,negative,80.47
2024-12-12,negative,94.5
2024-12-26,negative,57.41
2024-12-05,neutral,57.86
2024-12-25,positive,91.49
2024-12-17,negative,94.22
2024-12-12,neutral,46.05
2024-12-30,negative,45.11
2024-12-26,negative,85.87
2024-12-28,negative,90.76
2024-12-10,neutral,49.57
2024-12-20,negative,74.6
2024-12-28,negative,75.43
2024-12-18,positive,46.74
2024-12-05,positive,81.59
2024-12-07,negative,94.16
2024-12-26,negative,86.94
2024-12-22,neutral,50.78
2024-12-19,negative,69.68
2024-12-10,neutral,67.82
2024-12-27,negative,96.57
2024-12-09,neutral,91.14
2024-12-01,neutral,54.89
2024-12-28,negative,81.02
2024-12-27,negative,84.24
2024-12-23,negative,76.0
2024-12-22,neutral,53.8
2024-12-28,neutral,55.88
2024-12-28,negative,93.94
2024-12-11,neutral,51.09
2024-12-27,neutral,81.27
2024-12-12,negative,79.42
2024-12-21,neutral,63.11
2024-12-19,positive,80.94
2024-12-12,neutral,54.85
2024-12-11,negative,53.94
2024-12-03,neutral,83.67
2024-12-25,negative,80.85
2024-12-07,neutral,73.11
2024-12-20,neutral,83.84
2024-12-23,negative,71.72
2024-12-11,neutral,62.46
2024-12-10,neutral,72.27
2024-12-04,neutral,45.73
2024-12-27,negative,73.14
2024-12-24,negative,71.05
2024-12-04,negative,58.52
2024-12-13,negative,62.5
2024-12-16,neutral,47.91
2024-12-24,negative,49.74
2024-12-02,negative,63.26
2024-12-23,negative,58.08
2024-12-19,negative,72.2
2024-12-26,neutral,44.98
2024-12-21,negative,69.06
2024-12-13,neutral,80.3
2024-12-05,neutral,74.81
2024-12-20,negative,91.89
2024-12-30,negative,75.73
2024-12-14,negative,86.77
2024-12-04,negative,44.36
2024-12-27,negative,69.45
2024-11-30,neutral,53.35
2024-12-19,negative,71.93
2024-12-16,negative,81.16
2024-12-19,negative,56.83
2024-12-07,negative,93.89
2024-11-30,neutral,56.65
2024-12-28,neutral,47.05
2024-12-12,neutral,68.05
2024-12-12,negative,58.36
2024-12-05,negative,55.97
2024-12-19,negative,97.24
2024-12-27,negative,50.04
2024-12-16,negative,76.39
2024-12-29,neutral,62.07
2024-12-28,negative,60.54
2024-12-24,negative,97.49
2024-12-15,negative,51.6
2024-12-03,negative,57.98
2024-12-20,negative,72.92
2024-12-21,positive,67.69
2024-12-28,positive,98.55
2024-12-04,negative,48.44
2024-12-05,positive,51.1
2024-12-06,positive,89.23
2024-12-27,positive,59.02
2024-12-02,negative,50.7
2024-12-15,neutral,65.85
2024-12-23,neutral,71.26
2024-12-20,neutral,89.49
2024-12-16,negative,97.1
2024-12-01,negative,85.86
2024-12-18,negative,60.57
2024-12-22,negative,80.09
2024-12-22,positive,69.27
2024-12-07,negative,58.02
2024-12-13,neutral,76.31
2024-12-02,negative,59.04
2024-12-01,positive,47.91
2024-12-01,neutral,82.72
2024-12-19,negative,65.63
2024-12-28,positive,83.57
2024-12-06,negative,76.99
2024-12-19,negative,51.69
2024-12-17,positive,95.73
2024-12-20,neutral,83.76
2024-12-21,negative,95.42
2024-12-20,neutral,52.22
2024-12-15,neutral,89.37
2024-12-27,negative,79.62
2024-12-27,negative,65.67
2024-12-04,negative,61.63
2024-12-28,negative,58.68
2024-12-22,neutral,72.05
2024-12-28,negative,85.49
2024-12-20,neutral,63.2
2024-12-01,negative,87.94
2024-12-17,negative,77.74
2024-12-28,neutral,64.75
2024-12-10,negative,74.06
2024-12-29,negative,76.54
2024-12-20,neutral,87.4
2024-12-16,negative,47.32
2024-12-23,negative,59.13
2024-12-16,negative,50.09
2024-12-12,neutral,79.2
2024-12-25,neutral,52.79
2024-12-10,negative,97.22
2024-12-03,neutral,60.5
2024-12-18,negative,96.24
2024-12-09,negative,80.74
2024-12-26,negative,85.19
2024-12-09,neutral,88.4
2024-12-13,negative,50.04
2024-12-03,neutral,56.34
2024-12-19,neutral,52.8
2024-12-18,neutral,45.41
2024-12-21,neutral,58.01
2024-12-22,neutral,63.44
2024-12-21,neutral,63.02
2024-12-26,negative,97.21
2024-12-13,negative,63.85
2024-12-21,neutral,82.09
2024-12-07,negative,89.72
2024-12-14,negative,78.88
2024-12-02,neutral,46.59
2024-12-27,positive,96.77
2024-12-16,neutral,65.59
2024-12-19,negative,82.04
2024-12-03,neutral,46.12
2024-12-20,positive,98.2
2024-12-17,negative,68.97
2024-12-25,negative,75.0
2024-12-20,negative,81.27
2024-12-12,positive,98.14
2024-12-21,negative,74.35
2024-12-06,negative,37.86
2024-12-17,negative,58.34
2024-12-18,neutral,70.33
2024-12-20,neutral,55.59
2024-12-30,neutral,77.42
2024-12-28,neutral,68.85
2024-12-08,neutral,45.62
2024-12-16,negative,70.66
2024-12-23,neutral,50.37
2024-12-13,neutral,48.0
2024-12-28,negative,50.5
2024-12-20,negative,92.72
2024-12-17,negative,54.07
2024-12-27,negative,80.75
2024-12-05,neutral,78.59
2024-12-24,negative,91.98
2024-12-02,negative,86.0
2024-12-04,neutral,81.27
2024-12-21,negative,55.33
2024-12-03,negative,76.03
2024-12-19,neutral,91.51
2024-12-08,neutral,55.7
2024-12-23,negative,87.19
2024-12-24,neutral,47.75
2024-12-15,negative,48.07
2024-12-28,positive,54.39
2024-12-17,negative,79.07
2024-12-02,neutral,73.57
2024-12-15,neutral,40.9
2024-12-18,negative,72.39
2024-12-20,negative,81.56
2024-12-07,neutral,80.23
2024-12-10,neutral,71.23
2024-12-14,negative,89.24
2024-12-14,negative,66.54
2024-12-26,negative,75.24
2024-12-30,neutral,91.61
2024-12-01,negative,48.11
2024-12-15,positive,69.44
2024-12-19,negative,59.97
2024-12-06,negative,65.03
2024-12-12,neutral,77.76
2024-12-11,positive,91.3
2024-12-12,neutral,46.72
2024-12-07,negative,52.18
2024-12-26,positive,90.67
2024-12-09,negative,91.15
2024-12-17,neutral,50.88
2024-12-20,negative,41.21
2024-12-14,neutral,62.23
2024-12-27,negative,82.67
2024-12-30,positive,81.76
2024-12-03,neutral,62.92
2024-12-30,negative,66.81
2024-12-06,negative,54.51
2024-12-14,negative,87.58
2024-12-29,negative,56.23
2024-12-11,neutral,75.26
2024-12-05,negative,50.25
2024-12-01,neutral,72.11
2024-12-03,neutral,69.31
2024-12-30,negative,73.91
2024-12-15,negative,92.45
2024-12-01,neutral,70.85
2024-12-10,positive,54.75
2024-12-10,negative,51.98
2024-12-19,negative,81.17
2024-12-22,neutral,81.29
2024-12-09,neutral,84.34
2024-12-28,negative,60.64
2024-12-27,negative,87.69
2024-12-12,negative,67.48
2024-12-05,negative,46.35
2024-12-30,neutral,53.08
2024-12-12,neutral,76.83
2024-12-20,neutral,81.9
2024-12-18,neutral,62.05
2024-12-09,negative,48.86
2024-12-03,negative,74.02
2024-12-20,negative,75.66
2024-12-20,neutral,46.76
2024-12-24,neutral,63.7
2024-12-17,neutral,50.95
2024-12-18,neutral,64.53
2024-12-02,negative,57.38
2024-12-25,negative,63.6
2024-12-25,neutral,45.86
2024-12-19,positive,73.09
2024-12-08,negative,85.86
2024-12-01,negative,97.88
2024-12-28,neutral,44.78
2024-12-05,neutral,49.44
2024-12-17,positive,62.13
2024-12-24,negative,50.57
2024-12-16,neutral,47.86
2024-12-07,positive,79.92
2024-12-20,negative,88.91
2024-12-26,neutral,63.28
2024-12-05,negative,85.08
2024-12-02,positive,55.71
2024-12-10,negative,77.62
2024-12-08,neutral,72.88
2024-12-19,negative,54.58
2024-12-20,neutral,77.0
2024-12-28,negative,60.96
2024-12-11,negative,81.46
2024-12-24,neutral,85.28
2024-12-27,negative,96.81
2024-12-19,neutral,62.4
2024-12-02,negative,52.23
2024-12-19,negative,78.47
2024-12-29,negative,49.04
2024-12-13,positive,45.54
2024-12-19,negative,77.49
2024-12-26,neutral,83.36
2024-12-28,negative,58.89
2024-12-30,neutral,49.43
2024-12-24,negative,87.6
2024-12-29,negative,55.01
2024-12-29,neutral,57.15
2024-12-26,neutral,80.51
2024-12-05,neutral,75.33
2024-12-29,negative,56.59
2024-12-29,neutral,52.14
2024-12-18,negative,71.29
2024-12-13,neutral,64.2
2024-12-29,neutral,49.5
2024-12-08,negative,48.01
2024-12-01,negative,71.18
2024-12-19,negative,51.51
2024-12-18,negative,54.67
2024-12-02,neutral,63.77
2024-12-15,negative,74.83
2024-12-14,negative,83.6
2024-12-02,neutral,72.39
2024-12-24,negative,74.81
2024-12-23,negative,75.95
2024-12-10,positive,89.04
2024-12-28,neutral,81.05
2024-12-06,negative,70.36
2024-12-09,positive,96.08
2024-12-12,negative,81.8
2024-12-01,neutral,62.34
2024-12-30,negative,94.79
2024-12-17,positive,49.49
2024-12-20,negative,64.55
2024-12-02,positive,67.27
2024-12-23,negative,64.18
2024-12-29,negative,56.34
2024-12-02,negative,89.09
2024-12-14,negative,80.56
2024-12-03,neutral,48.18
2024-12-27,negative,88.04
2024-12-28,negative,91.88
2024-12-12,negative,64.61
2024-12-05,negative,46.73
2024-12-07,neutral,47.11
