date,sentiment_reddit,sentiment_news,sentiment_reddit_det,sentiment_news_det
2023-12-31,0.5588333333333333,,0.5833333333333334,
2024-01-01,0.33148837209302323,,0.3488372093023256,
2024-01-02,0.5187304347826087,0.1,0.5130434782608696,0.1
2024-01-03,0.35725773195876287,0.39866666666666667,0.36082474226804123,0.39866666666666667
2024-01-04,0.4836923076923077,,0.49038461538461536,
2024-01-05,0.38928448275862065,-0.1,0.3879310344827586,-0.1
2024-01-06,0.32417045454545457,,0.3409090909090909,
2024-01-07,0.39674647887323944,,0.4084507042253521,
2024-01-08,0.45347000000000004,0.01200000000000001,0.45,0.01200000000000001
2024-01-09,0.3914222222222222,,0.4111111111111111,
2024-01-10,0.4628723404255319,-0.4335,0.4574468085106383,-0.4335
2024-01-11,0.46394186046511626,-0.031666666666666655,0.47674418604651164,-0.031666666666666655
2024-01-12,0.4298495575221239,0.19925,0.4336283185840708,0.19925
2024-01-13,0.3516413043478261,-0.5405,0.3695652173913043,-0.5405
2024-01-14,0.39317910447761195,,0.3880597014925373,
2024-01-15,0.33310101010101006,-0.0655,0.3333333333333333,-0.0655
2024-01-16,0.3630676691729323,0.3764285714285714,0.3684210526315789,0.3764285714285714
2024-01-17,0.43699019607843137,-0.16933333333333334,0.43137254901960786,-0.16933333333333334
2024-01-18,0.3922,0.1608,0.37894736842105264,0.1608
2024-01-19,0.3677619047619048,,0.38095238095238093,
2024-01-20,0.35197500000000004,,0.35833333333333334,
2024-01-21,0.3783375,0.548,0.3875,0.548
2024-01-22,0.32294736842105265,-0.0010000000000000009,0.3157894736842105,-0.0010000000000000009
2024-01-23,0.45589024390243904,0.099,0.47560975609756095,0.099
2024-01-24,0.2341025641025641,0.5835,0.23931623931623933,0.5835
2024-01-25,0.3327852348993289,-0.1865,0.33557046979865773,-0.1865
2024-01-26,0.4081272727272727,0.28369999999999995,0.42727272727272725,0.28369999999999995
2024-01-27,0.30365060240963854,-0.1,0.30120481927710846,-0.1
2024-01-28,0.4065810810810811,,0.4189189189189189,
2024-01-29,0.493275,-0.0985,0.5,-0.0985
2024-01-30,0.40438938053097345,0.548,0.40707964601769914,0.548
2024-01-31,0.44178703703703703,-0.015599999999999994,0.4537037037037037,-0.015599999999999994
2024-02-01,0.39253,0.4170909090909091,0.4,0.4170909090909091
2024-02-02,0.4324134615384615,0.0568,0.4326923076923077,0.0568
2024-02-03,0.3423861386138614,0.993,0.33663366336633666,0.993
2024-02-04,0.42080434782608694,0.998,0.44565217391304346,0.998
2024-02-05,0.28077391304347826,0.547,0.2782608695652174,0.547
2024-02-06,0.4869263157894737,,0.5052631578947369,
2024-02-07,0.5431616161616161,,0.5656565656565656,
2024-02-08,0.4623010752688172,-0.0995,0.46236559139784944,-0.0995
2024-02-09,0.3385540540540541,,0.33783783783783783,
2024-02-10,0.4018923076923077,,0.4153846153846154,
2024-02-11,0.32124050632911394,,0.3291139240506329,
2024-02-12,0.2765125,0.989,0.2875,0.989
2024-02-13,0.3485818181818182,0.993,0.35454545454545455,0.993
2024-02-14,0.2574166666666666,0.997,0.2638888888888889,0.997
2024-02-15,0.40193975903614454,-0.012833333333333322,0.39759036144578314,-0.012833333333333322
2024-02-16,0.25695121951219513,0.013857142857142858,0.2682926829268293,0.013857142857142858
2024-02-17,0.21523728813559323,,0.22033898305084745,
2024-02-18,0.2166901408450704,,0.19718309859154928,
2024-02-19,0.357375,0.53625,0.3611111111111111,0.53625
2024-02-20,0.3946704545454546,0.14357142857142854,0.4090909090909091,0.14357142857142854
2024-02-21,0.3225454545454545,0.33383333333333337,0.3246753246753247,0.33383333333333337
2024-02-22,0.37370192307692307,0.033,0.38461538461538464,0.033
2024-02-23,0.260921568627451,0.28475,0.2549019607843137,0.28475
2024-02-24,0.5225176470588235,0.998,0.5294117647058824,0.998
2024-02-25,0.2342295081967213,0.266,0.26229508196721313,0.266
2024-02-26,0.39622330097087377,0.224125,0.39805825242718446,0.224125
2024-02-27,0.2999058823529412,-0.05920000000000001,0.3058823529411765,-0.05920000000000001
2024-02-28,0.48080722891566263,0.1722857142857143,0.4819277108433735,0.1722857142857143
2024-02-29,0.5393781512605041,0.471375,0.5546218487394958,0.471375
2024-03-01,0.47528301886792457,0.6212307692307693,0.4811320754716981,0.6212307692307693
2024-03-02,0.3717575757575758,,0.3787878787878788,
2024-03-03,0.39264835164835166,0.0005000000000000004,0.4065934065934066,0.0005000000000000004
2024-03-04,0.318,0.26366666666666666,0.30952380952380953,0.26366666666666666
2024-03-05,0.41175221238938053,-0.009545454545454544,0.415929203539823,-0.009545454545454544
2024-03-06,0.3334886363636364,0.15960000000000002,0.32954545454545453,0.15960000000000002
2024-03-07,0.4852282608695652,0.0005000000000000004,0.5,0.0005000000000000004
2024-03-08,0.32159340659340657,0.993,0.31868131868131866,0.993
2024-03-09,0.2617701149425287,0.1,0.26436781609195403,0.1
2024-03-10,0.31636170212765957,-0.996,0.32978723404255317,-0.996
2024-03-11,0.3420934579439252,0.06439999999999999,0.34579439252336447,0.06439999999999999
2024-03-12,0.4572857142857143,-0.042142857142857135,0.4642857142857143,-0.042142857142857135
2024-03-13,0.37117272727272727,0.03333333333333333,0.38181818181818183,0.03333333333333333
2024-03-14,0.30835606060606063,-0.4485,0.30303030303030304,-0.4485
2024-03-15,0.42088888888888887,0.3778,0.42735042735042733,0.3778
2024-03-16,0.24098863636363638,0.3993333333333333,0.23863636363636365,0.3993333333333333
2024-03-17,0.3357971014492754,,0.34782608695652173,
2024-03-18,0.3337,-0.2392,0.35,-0.2392
2024-03-19,0.4253617021276596,0.545,0.43617021276595747,0.545
2024-03-20,0.4445,,0.44565217391304346,
2024-03-21,0.27051639344262296,0.4455,0.26229508196721313,0.4455
2024-03-22,0.31257471264367814,0.1765,0.3333333333333333,0.1765
2024-03-23,0.46882926829268295,0.6323333333333333,0.4878048780487805,0.6323333333333333
2024-03-24,0.29134375,-0.1,0.2916666666666667,-0.1
2024-03-25,0.4228045977011494,0.266,0.42528735632183906,0.266
2024-03-26,0.33445555555555556,0.567,0.34444444444444444,0.567
2024-03-27,0.4627611940298507,0.632,0.4626865671641791,0.632
2024-03-28,0.31545833333333334,-0.018799999999999994,0.3125,-0.018799999999999994
2024-03-29,0.4028823529411764,-0.3983333333333334,0.4235294117647059,-0.3983333333333334
2024-03-30,0.38143939393939397,0.1,0.3939393939393939,0.1
2024-03-31,0.5048970588235294,0.099,0.5294117647058824,0.099
2024-04-01,0.3879532710280374,0.4162,0.3925233644859813,0.4162
2024-04-02,0.37111242603550293,0.1,0.3727810650887574,0.1
2024-04-03,0.3364227642276423,,0.34146341463414637,
2024-04-04,0.2792727272727273,,0.29292929292929293,
2024-04-05,0.3281086956521739,0.272625,0.32608695652173914,0.272625
2024-04-06,0.29158252427184467,-0.447,0.2912621359223301,-0.447
2024-04-07,0.26350961538461537,0.0010000000000000009,0.25961538461538464,0.0010000000000000009
2024-04-08,0.34986585365853656,-0.08800000000000001,0.34146341463414637,-0.08800000000000001
2024-04-09,0.35792929292929293,0.03333333333333333,0.36363636363636365,0.03333333333333333
2024-04-10,0.4119537037037037,,0.4166666666666667,
2024-04-11,0.3255060240963855,-0.1,0.3373493975903614,-0.1
2024-04-12,0.46186111111111106,,0.4861111111111111,
2024-04-13,0.24934117647058823,,0.24705882352941178,
2024-04-14,0.31532989690721647,0.1,0.30927835051546393,0.1
2024-04-15,0.2942890625,0.7796000000000001,0.2890625,0.7796000000000001
2024-04-16,0.4387179487179487,0.9700000000000001,0.4444444444444444,0.9700000000000001
2024-04-17,0.4449857142857143,0.112875,0.45714285714285713,0.112875
2024-04-18,0.3845983606557377,-0.4475,0.36885245901639346,-0.4475
2024-04-19,0.32063709677419355,-0.448,0.3225806451612903,-0.448
2024-04-20,0.279265625,-0.4485,0.265625,-0.4485
2024-04-21,0.2264,0.033499999999999995,0.23076923076923078,0.033499999999999995
2024-04-22,0.4024615384615385,-0.41459999999999997,0.42011834319526625,-0.41459999999999997
2024-04-23,0.23803555555555556,0.4994166666666667,0.23555555555555555,0.4994166666666667
2024-04-24,0.33752486187845304,0.10881818181818183,0.3370165745856354,0.10881818181818183
2024-04-25,0.4055078125,0.985,0.4140625,0.985
2024-04-26,0.3168620689655172,0.54825,0.32413793103448274,0.54825
2024-04-27,0.42544897959183675,,0.4489795918367347,
2024-04-28,0.3279516129032258,-0.1,0.3387096774193548,-0.1
2024-04-29,0.3200197368421053,0.33266666666666667,0.3223684210526316,0.33266666666666667
2024-04-30,0.4934385026737968,0.5485,0.4919786096256685,0.5485
2024-05-01,0.40545637583892613,-0.024624999999999998,0.40939597315436244,-0.024624999999999998
2024-05-02,0.2931304347826087,0.21960000000000002,0.2898550724637681,0.21960000000000002
2024-05-03,0.4913931623931624,0.16871428571428573,0.49572649572649574,0.16871428571428573
2024-05-04,0.27660606060606063,-0.548,0.2727272727272727,-0.548
2024-05-05,0.40757142857142853,0.7222500000000001,0.42857142857142855,0.7222500000000001
2024-05-06,0.43945535714285716,0.6621666666666667,0.44642857142857145,0.6621666666666667
2024-05-07,0.442562962962963,0.24242857142857144,0.45185185185185184,0.24242857142857144
2024-05-08,0.4667207207207207,0.3353333333333333,0.46846846846846846,0.3353333333333333
2024-05-09,0.3048110236220472,0.0010000000000000009,0.31496062992125984,0.0010000000000000009
2024-05-10,0.26816666666666666,0.18233333333333332,0.275,0.18233333333333332
2024-05-11,0.28680672268907564,-0.03233333333333333,0.2857142857142857,-0.03233333333333333
2024-05-12,0.3576666666666667,,0.3508771929824561,
2024-05-13,0.34819658119658115,0.3323333333333333,0.358974358974359,0.3323333333333333
2024-05-14,0.2846814814814815,0.6983333333333334,0.28888888888888886,0.6983333333333334
2024-05-15,0.3458736842105263,0.41899999999999993,0.3473684210526316,0.41899999999999993
2024-05-16,0.25693650793650796,0.308,0.25396825396825395,0.308
2024-05-17,0.34336134453781514,0.2745,0.3445378151260504,0.2745
2024-05-18,0.06920175438596492,-0.996,0.07017543859649122,-0.996
2024-05-19,0.316,0.099,0.3333333333333333,0.099
2024-05-20,0.1313716814159292,0.03366666666666668,0.12389380530973451,0.03366666666666668
2024-05-21,0.35317073170731705,0.33266666666666667,0.35772357723577236,0.33266666666666667
2024-05-22,0.48300952380952383,0.0995,0.49523809523809526,0.0995
2024-05-23,0.3735137614678899,0.49474999999999997,0.3761467889908257,0.49474999999999997
2024-05-24,0.35602298850574715,0.449,0.3563218390804598,0.449
2024-05-25,0.45514893617021274,,0.46808510638297873,
2024-05-26,0.3317830188679245,,0.33962264150943394,
2024-05-27,0.375043956043956,-0.996,0.37362637362637363,-0.996
2024-05-28,0.37914285714285717,-0.069,0.3949579831932773,-0.069
2024-05-29,0.5394193548387097,0.1,0.5483870967741935,0.1
2024-05-30,0.3035148514851485,-0.03566666666666667,0.297029702970297,-0.03566666666666667
2024-05-31,0.40726666666666667,0.9895,0.42857142857142855,0.9895
2024-06-01,0.47672499999999995,0.997,0.475,0.997
2024-06-02,0.34158139534883725,,0.3488372093023256,
2024-06-03,0.38716,,0.4,
2024-06-04,0.3123684210526316,0.3323333333333333,0.3157894736842105,0.3323333333333333
2024-06-05,0.30157575757575755,,0.30303030303030304,
2024-06-06,0.4058279569892473,-0.996,0.40860215053763443,-0.996
2024-06-07,0.3231481481481482,0.6313333333333334,0.32098765432098764,0.6313333333333334
2024-06-08,0.5126638655462185,0.399,0.5210084033613446,0.399
2024-06-09,0.44692028985507243,,0.47101449275362317,
2024-06-10,0.5014615384615384,-0.3313333333333333,0.5128205128205128,-0.3313333333333333
2024-06-11,0.3877613636363636,-0.0995,0.3977272727272727,-0.0995
2024-06-12,0.3850373831775701,-0.18500000000000003,0.3925233644859813,-0.18500000000000003
2024-06-13,0.2622662721893491,0.37163636363636365,0.2603550295857988,0.37163636363636365
2024-06-14,0.33226829268292685,0.4118823529411765,0.3333333333333333,0.4118823529411765
2024-06-15,0.28036363636363637,,0.2878787878787879,
2024-06-16,0.28842307692307695,-0.996,0.2948717948717949,-0.996
2024-06-17,0.3151612903225806,0.3245,0.3118279569892473,0.3245
2024-06-18,0.35321250000000004,0.38775000000000004,0.35,0.38775000000000004
2024-06-19,0.5528829787234042,-0.029666666666666664,0.5531914893617021,-0.029666666666666664
2024-06-20,0.3503863636363636,0.005750000000000005,0.3522727272727273,0.005750000000000005
2024-06-21,0.43476699029126215,0.547,0.4563106796116505,0.547
2024-06-22,0.33955670103092783,-0.0005000000000000004,0.3402061855670103,-0.0005000000000000004
2024-06-23,0.3279126213592233,,0.3300970873786408,
2024-06-24,0.34868627450980394,0.99725,0.3431372549019608,0.99725
2024-06-25,0.34340740740740744,0.36920000000000003,0.3425925925925926,0.36920000000000003
2024-06-26,0.4178514851485149,0.2002,0.43564356435643564,0.2002
2024-06-27,0.4505542168674699,-0.22075,0.4578313253012048,-0.22075
2024-06-28,0.3884556962025316,0.549,0.379746835443038,0.549
2024-06-29,0.4300161290322581,,0.43548387096774194,
2024-06-30,0.32938028169014083,,0.352112676056338,
2024-07-01,0.3768433734939759,0.417,0.3855421686746988,0.417
2024-07-02,0.3788888888888889,-0.008999999999999998,0.37962962962962965,-0.008999999999999998
2024-07-03,0.1761925925925926,0.21199999999999997,0.18518518518518517,0.21199999999999997
2024-07-04,0.450506329113924,0.998,0.45569620253164556,0.998
2024-07-05,0.19646268656716417,0.1,0.19402985074626866,0.1
2024-07-06,0.5376527777777778,0.99,0.5416666666666666,0.99
2024-07-07,0.3978450704225352,,0.4084507042253521,
2024-07-08,0.1923820224719101,0.099,0.20224719101123595,0.099
2024-07-09,0.3006190476190476,0.6196666666666667,0.29523809523809524,0.6196666666666667
2024-07-10,0.38353846153846155,0.0,0.3956043956043956,0.0
2024-07-11,0.4296736842105263,-0.49724999999999997,0.4421052631578947,-0.49724999999999997
2024-07-12,0.4057826086956522,0.4985,0.41304347826086957,0.4985
2024-07-13,0.27801818181818183,-0.989,0.2909090909090909,-0.989
2024-07-14,0.3815441176470588,0.1,0.36764705882352944,0.1
2024-07-15,0.299411214953271,0.09900000000000002,0.29906542056074764,0.09900000000000002
2024-07-16,0.4102727272727273,0.9964999999999999,0.4132231404958678,0.9964999999999999
2024-07-17,0.30943478260869567,,0.30434782608695654,
2024-07-18,0.4191318681318681,0.964,0.4175824175824176,0.964
2024-07-19,0.24693,-0.02874999999999999,0.25,-0.02874999999999999
2024-07-20,0.4816463414634146,-0.1,0.4878048780487805,-0.1
2024-07-21,0.46113333333333334,-0.994,0.48,-0.994
2024-07-22,0.32027272727272726,0.1,0.3409090909090909,0.1
2024-07-23,0.4199230769230769,0.09027272727272728,0.43846153846153846,0.09027272727272728
2024-07-24,0.23515555555555553,0.2013076923076923,0.24444444444444444,0.2013076923076923
2024-07-25,0.3331838235294118,0.4154,0.33088235294117646,0.4154
2024-07-26,0.4217254901960784,0.998,0.43137254901960786,0.998
2024-07-27,0.34128947368421053,,0.35526315789473684,
2024-07-28,0.22004950495049505,,0.21782178217821782,
2024-07-29,0.41813483146067415,0.334,0.42696629213483145,0.334
2024-07-30,0.2520089285714286,0.22994444444444445,0.26785714285714285,0.22994444444444445
2024-07-31,0.29568686868686866,-0.13025,0.29292929292929293,-0.13025
2024-08-01,0.3809302325581395,-0.03266666666666667,0.37209302325581395,-0.03266666666666667
2024-08-02,0.304974358974359,-0.1,0.32051282051282054,-0.1
2024-08-03,0.27304132231404954,,0.2644628099173554,
2024-08-04,0.3840947368421052,-0.0995,0.3894736842105263,-0.0995
2024-08-05,0.338552380952381,0.44975,0.34285714285714286,0.44975
2024-08-06,0.3189029126213592,0.033,0.3300970873786408,0.033
2024-08-07,0.35462499999999997,,0.3541666666666667,
2024-08-08,0.4732970297029703,0.03333333333333333,0.4752475247524752,0.03333333333333333
2024-08-09,0.45241346153846157,-0.26925,0.4519230769230769,-0.26925
2024-08-10,0.4496626506024097,0.549,0.4578313253012048,0.549
2024-08-11,0.29742682926829267,,0.3048780487804878,
2024-08-12,0.28484126984126984,-0.0010000000000000009,0.2777777777777778,-0.0010000000000000009
2024-08-13,0.2698105263157895,0.033999999999999996,0.2736842105263158,0.033999999999999996
2024-08-14,0.39785714285714285,0.18333333333333335,0.4025974025974026,0.18333333333333335
2024-08-15,0.315,-0.26925,0.32786885245901637,-0.26925
2024-08-16,0.3688214285714286,0.5485,0.36607142857142855,0.5485
2024-08-17,0.45821428571428574,0.1,0.45918367346938777,0.1
2024-08-18,0.5735757575757576,0.1,0.5909090909090909,0.1
2024-08-19,0.3447752808988764,0.2975714285714286,0.33707865168539325,0.2975714285714286
2024-08-20,0.3534047619047619,0.21088888888888888,0.35714285714285715,0.21088888888888888
2024-08-21,0.34662790697674417,0.8464999999999999,0.3488372093023256,0.8464999999999999
2024-08-22,0.4804605263157895,0.98875,0.4868421052631579,0.98875
2024-08-23,0.34104385964912276,0.9975,0.35964912280701755,0.9975
2024-08-24,0.49675308641975313,0.49824999999999997,0.5185185185185185,0.49824999999999997
2024-08-25,0.40864788732394364,0.997,0.4225352112676056,0.997
2024-08-26,0.31316304347826085,0.9955,0.31521739130434784,0.9955
2024-08-27,0.36619166666666664,0.997,0.375,0.997
2024-08-28,0.4583720930232558,0.4873,0.45348837209302323,0.4873
2024-08-29,0.28927710843373494,0.6378,0.27710843373493976,0.6378
2024-08-30,0.4032043010752688,0.449,0.3978494623655914,0.449
2024-08-31,0.2107846153846154,-0.099,0.2153846153846154,-0.099
2024-09-01,0.40464705882352936,,0.39705882352941174,
2024-09-02,0.514126582278481,0.5485,0.5189873417721519,0.5485
2024-09-03,0.3851632653061225,0.27325,0.3877551020408163,0.27325
2024-09-04,0.37396202531645567,,0.379746835443038,
2024-09-05,0.46065882352941173,0.225,0.47058823529411764,0.225
2024-09-06,0.4289484536082474,0.998,0.422680412371134,0.998
2024-09-07,0.20561333333333331,0.0995,0.22666666666666666,0.0995
2024-09-08,0.699925,0.4465,0.7125,0.4465
2024-09-09,0.4934719101123595,0.0005000000000000004,0.4943820224719101,0.0005000000000000004
2024-09-10,0.44815189873417716,-0.995,0.45569620253164556,-0.995
2024-09-11,0.3952608695652174,0.1,0.40217391304347827,0.1
2024-09-12,0.4309873417721519,0.5922,0.45569620253164556,0.5922
2024-09-13,0.5165000000000001,0.11049999999999999,0.5142857142857142,0.11049999999999999
2024-09-14,0.6575074626865671,-0.1726,0.6716417910447762,-0.1726
2024-09-15,0.4789125,0.998,0.5,0.998
2024-09-16,0.5242788461538461,0.058750000000000004,0.5384615384615384,0.058750000000000004
2024-09-17,0.49485,0.3798,0.5,0.3798
2024-09-18,0.3596276595744681,0.50075,0.3617021276595745,0.50075
2024-09-19,0.48539189189189186,,0.5,
2024-09-20,0.29484,-0.032666666666666656,0.31,-0.032666666666666656
2024-09-21,0.5143421052631578,0.63,0.5131578947368421,0.63
2024-09-22,0.42582352941176466,-0.4415,0.43137254901960786,-0.4415
2024-09-23,0.3666888888888889,0.2131111111111111,0.3888888888888889,0.2131111111111111
2024-09-24,0.272578313253012,0.36566666666666664,0.27710843373493976,0.36566666666666664
2024-09-25,0.42201190476190475,-0.099,0.42857142857142855,-0.099
2024-09-26,0.4402051282051282,-0.03333333333333333,0.44871794871794873,-0.03333333333333333
2024-09-27,0.3411625,0.33016666666666666,0.35,0.33016666666666666
2024-09-28,0.2365125,0.546,0.225,0.546
2024-09-29,0.36010000000000003,0.5475,0.35714285714285715,0.5475
2024-09-30,0.3472527472527473,-0.32628571428571423,0.34065934065934067,-0.32628571428571423
2024-10-01,0.4495833333333333,-0.112,0.4479166666666667,-0.112
2024-10-02,0.36758928571428573,0.387125,0.36607142857142855,0.387125
2024-10-03,0.3745157894736842,0.2996666666666667,0.3684210526315789,0.2996666666666667
2024-10-04,0.35152127659574467,0.099,0.35106382978723405,0.099
2024-10-05,0.3666923076923077,0.099,0.3626373626373626,0.099
2024-10-06,0.47908910891089107,,0.48514851485148514,
2024-10-07,0.2191747572815534,-0.1,0.22330097087378642,-0.1
2024-10-08,0.29801234567901236,0.033,0.2962962962962963,0.033
2024-10-09,0.4701976744186046,0.1,0.4883720930232558,0.1
2024-10-10,0.4523697478991597,0.015999999999999997,0.46218487394957986,0.015999999999999997
2024-10-11,0.3729859813084112,0.3934,0.38317757009345793,0.3934
2024-10-12,0.30307575757575755,0.998,0.29545454545454547,0.998
2024-10-13,0.3391090909090909,-0.39999999999999997,0.32727272727272727,-0.39999999999999997
2024-10-14,0.426656862745098,0.547,0.43137254901960786,0.547
2024-10-15,0.3480561797752809,0.0025000000000000022,0.3595505617977528,0.0025000000000000022
2024-10-16,0.49373469387755103,0.7677499999999999,0.5,0.7677499999999999
2024-10-17,0.16749056603773585,0.1,0.16037735849056603,0.1
2024-10-18,0.3177864077669903,0.3705,0.32038834951456313,0.3705
2024-10-19,0.12938,,0.13,
2024-10-20,0.3903333333333333,-0.993,0.38666666666666666,-0.993
2024-10-21,0.31039805825242717,0.0,0.32038834951456313,0.0
2024-10-22,0.45325925925925925,0.6960000000000001,0.4722222222222222,0.6960000000000001
2024-10-23,0.444093220338983,0.158,0.4406779661016949,0.158
2024-10-24,0.34664935064935065,0.5665454545454546,0.33766233766233766,0.5665454545454546
2024-10-25,0.3545981308411215,-0.3293333333333333,0.3644859813084112,-0.3293333333333333
2024-10-26,0.3765568181818182,-0.1,0.375,-0.1
2024-10-27,0.4239047619047619,,0.4166666666666667,
2024-10-28,0.4256292134831461,0.333,0.42696629213483145,0.333
2024-10-29,0.41286021505376347,-0.1,0.40860215053763443,-0.1
2024-10-30,0.2956530612244898,0.6323333333333333,0.29591836734693877,0.6323333333333333
2024-10-31,0.49148192771084337,-0.6963333333333334,0.4939759036144578,-0.6963333333333334
2024-11-01,0.31997674418604655,0.997,0.32558139534883723,0.997
2024-11-02,0.2428,0.449,0.2571428571428571,0.449
2024-11-03,0.46324657534246577,0.998,0.4657534246575342,0.998
2024-11-04,0.382,-0.05940000000000001,0.3925233644859813,-0.05940000000000001
2024-11-05,0.37238571428571426,0.4582,0.38571428571428573,0.4582
2024-11-06,0.37157142857142855,0.3794,0.38095238095238093,0.3794
2024-11-07,0.3052916666666667,0.6986666666666667,0.3020833333333333,0.6986666666666667
2024-11-08,0.4455,0.4189,0.44339622641509435,0.4189
2024-11-09,0.32972380952380953,0.998,0.3333333333333333,0.998
2024-11-10,0.3840777777777778,,0.4,
2024-11-11,0.3920166666666667,0.5509999999999999,0.39166666666666666,0.5509999999999999
2024-11-12,0.3098495575221239,0.77225,0.3274336283185841,0.77225
2024-11-13,0.2875299145299145,0.04700000000000001,0.2905982905982906,0.04700000000000001
2024-11-14,0.40707547169811314,-0.5475,0.4088050314465409,-0.5475
2024-11-15,0.45931746031746035,0.44875,0.4603174603174603,0.44875
2024-11-16,0.2678,-0.966,0.2727272727272727,-0.966
2024-11-17,0.2926891891891892,0.449,0.28378378378378377,0.449
2024-11-18,0.40410280373831775,0.361875,0.40186915887850466,0.361875
2024-11-19,0.40969318181818176,0.33166666666666667,0.3977272727272727,0.33166666666666667
2024-11-20,0.44701351351351354,0.6986666666666667,0.43243243243243246,0.6986666666666667
2024-11-21,0.3904642857142857,-0.991,0.40476190476190477,-0.991
2024-11-22,0.5358823529411765,0.24433333333333337,0.5490196078431373,0.24433333333333337
2024-11-23,0.3895925925925926,0.5475,0.38271604938271603,0.5475
2024-11-24,0.4501136363636364,0.9955,0.45454545454545453,0.9955
2024-11-25,0.4248130841121495,0.03366666666666667,0.4392523364485981,0.03366666666666667
2024-11-26,0.4210261437908497,0.68375,0.43137254901960786,0.68375
2024-11-27,0.3980551181102362,0.26175,0.4015748031496063,0.26175
2024-11-28,0.34757777777777776,-0.996,0.34444444444444444,-0.996
2024-11-29,0.19524,0.445,0.184,0.445
2024-11-30,0.25074626865671645,,0.23880597014925373,
2024-12-01,0.43279090909090906,-0.1,0.44545454545454544,-0.1
2024-12-02,0.42445669291338584,-0.06633333333333334,0.4330708661417323,-0.06633333333333334
2024-12-03,0.34548648648648644,0.0608,0.34234234234234234,0.0608
2024-12-04,0.2675157894736842,0.26633333333333337,0.2736842105263158,0.26633333333333337
2024-12-05,0.30752747252747253,0.27475,0.32967032967032966,0.27475
2024-12-06,0.3071122448979592,0.22959999999999997,0.32653061224489793,0.22959999999999997
2024-12-07,0.252969696969697,,0.25757575757575757,
2024-12-08,0.46375000000000005,0.863,0.4659090909090909,0.863
2024-12-09,0.23496703296703297,0.41250000000000003,0.23076923076923078,0.41250000000000003
2024-12-10,0.4659058823529411,0.72275,0.4588235294117647,0.72275
2024-12-11,0.4073703703703704,0.6306666666666666,0.4074074074074074,0.6306666666666666
2024-12-12,0.2852272727272727,0.1598,0.2909090909090909,0.1598
2024-12-13,0.3175,0.2715,0.3125,0.2715
2024-12-14,0.49461052631578944,,0.4842105263157895,
2024-12-15,0.23115789473684212,0.998,0.23157894736842105,0.998
2024-12-16,0.3356335877862595,0.45919999999999994,0.3435114503816794,0.45919999999999994
2024-12-17,0.33069421487603307,0.5485,0.33884297520661155,0.5485
2024-12-18,0.3523206106870229,0.0020000000000000018,0.35877862595419846,0.0020000000000000018
2024-12-19,0.31254471544715445,0.998,0.3170731707317073,0.998
2024-12-20,0.38457600000000003,0.1286,0.384,0.1286
2024-12-21,0.3428151260504202,0.0005000000000000004,0.3445378151260504,0.0005000000000000004
2024-12-22,0.31834375,-0.099,0.3229166666666667,-0.099
2024-12-23,0.46486813186813186,0.525,0.4945054945054945,0.525
2024-12-24,0.38620212765957446,0.1,0.3829787234042553,0.1
2024-12-25,0.36296296296296293,-0.1,0.37037037037037035,-0.1
2024-12-26,0.3965094339622642,,0.4056603773584906,
2024-12-27,0.3723,0.158,0.38461538461538464,0.158
2024-12-28,0.4401652173913043,,0.4434782608695652,
2024-12-29,0.34330357142857143,-0.099,0.3482142857142857,-0.099
2024-12-30,0.37104301075268814,0.33466666666666667,0.3870967741935484,0.33466666666666667
2024-12-31,,0.1,,0.1
2025-01-01,,-0.2697142857142857,,-0.2697142857142857
